Name,Verein,Position,Einsatz,SpielMinuten,ShotOnTarget,AbgefangeneBaelle,AbgewehrteElfmeter,GesamteElfmeter,AbgewehrteBaelle,Balleroberungen,BallVerluste,Fouls,Clean Sheet,SuccessfulDribblings,TotalDribblings,ErrorGegentor),FlankenGeblockt,GesamteFlanken,GeklaerteBaelle,GrosschancenKreiert,GrossChancenVereitelt,GesamteChancen,GewonneneLuftkaempfe,GesamteLuftkaempfe,Alter,Vorlagen,Elfmetertor,Tore,Paraden,PassCompleted,TotalPass,TotalShots,SuccessfulTackles,TotalTackles,TorschussVorlagen,GewonneneZweikaempfe,GesamteZweikaempfe
Paco Alcácer,Borussia Dortmund,Stürmer,26.0,1338.0,28.0,NULL,NULL,NULL,NULL,NULL,17.0,NULL,NULL,6.0,10.0,NULL,NULL,NULL,NULL,2.0,NULL,NULL,12.0,45.0,25.0,0.0,1.0,18.0,NULL,213.0,288.0,52.0,NULL,NULL,15.0,28.0,88.0
Ishak Belfodil,TSG 1899 Hoffenheim,Stürmer,28.0,1982.0,36.0,NULL,NULL,NULL,NULL,10.0,51.0,25.0,NULL,37.0,56.0,NULL,NULL,NULL,13.0,5.0,NULL,NULL,48.0,100.0,27.0,5.0,0.0,16.0,NULL,323.0,459.0,88.0,10.0,25.0,25.0,113.0,253.0
Luka Jovic,Eintracht Frankfurt,Stürmer,32.0,2382.0,43.0,NULL,NULL,NULL,NULL,NULL,75.0,29.0,NULL,26.0,56.0,NULL,NULL,NULL,30.0,6.0,NULL,NULL,62.0,143.0,21.0,6.0,1.0,17.0,NULL,426.0,616.0,97.0,5.0,21.0,25.0,141.0,332.0
Florian Niederlechner,SC Freiburg,Stürmer,24.0,1006.0,18.0,NULL,NULL,NULL,NULL,NULL,29.0,23.0,NULL,9.0,24.0,NULL,NULL,NULL,NULL,NULL,NULL,NULL,14.0,43.0,28.0,1.0,0.0,4.0,NULL,NULL,NULL,31.0,NULL,NULL,8.0,48.0,131.0
Andrej Kramaric,TSG 1899 Hoffenheim,Stürmer,30.0,2548.0,44.0,9.0,NULL,NULL,NULL,NULL,74.0,7.0,NULL,28.0,53.0,NULL,NULL,NULL,12.0,7.0,NULL,NULL,9.0,29.0,27.0,4.0,5.0,17.0,NULL,814.0,1067.0,110.0,4.0,33.0,45.0,65.0,188.0
Serge Gnabry,FC Bayern München,Linke Außenbahn,30.0,1887.0,32.0,11.0,NULL,NULL,NULL,19.0,104.0,25.0,NULL,51.0,124.0,NULL,NULL,NULL,NULL,12.0,NULL,NULL,7.0,24.0,23.0,7.0,0.0,10.0,NULL,689.0,846.0,65.0,19.0,59.0,26.0,109.0,276.0
Gian-Luca Waldschmidt,SC Freiburg,Stürmer,30.0,1830.0,30.0,15.0,NULL,NULL,NULL,13.0,46.0,33.0,NULL,20.0,41.0,1.0,NULL,NULL,NULL,4.0,NULL,NULL,12.0,43.0,NULL,NULL,NULL,NULL,NULL,476.0,609.0,64.0,13.0,37.0,22.0,78.0,204.0
Robert Lewandowski,FC Bayern München,Stürmer,33.0,3129.0,51.0,NULL,NULL,NULL,NULL,9.0,84.0,25.0,NULL,51.0,83.0,NULL,NULL,NULL,14.0,14.0,NULL,NULL,54.0,130.0,30.0,10.0,3.0,22.0,NULL,570.0,737.0,144.0,9.0,21.0,38.0,165.0,356.0
James,FC Bayern München,Offensives Mittelfeld,20.0,1200.0,19.0,NULL,NULL,NULL,NULL,7.0,23.0,7.0,NULL,16.0,26.0,NULL,NULL,NULL,NULL,7.0,NULL,NULL,NULL,NULL,NULL,NULL,NULL,NULL,NULL,806.0,971.0,36.0,7.0,27.0,51.0,46.0,97.0
Alassane Plea,B. Mönchengladbach,Stürmer,34.0,2640.0,41.0,NULL,NULL,NULL,NULL,10.0,69.0,34.0,NULL,23.0,48.0,2.0,NULL,NULL,15.0,3.0,NULL,NULL,37.0,121.0,26.0,4.0,0.0,12.0,NULL,448.0,632.0,83.0,10.0,31.0,31.0,107.0,303.0
Timo Werner,RB Leipzig,Stürmer,30.0,2605.0,40.0,NULL,NULL,NULL,NULL,12.0,100.0,24.0,NULL,29.0,92.0,NULL,NULL,NULL,NULL,6.0,NULL,NULL,8.0,41.0,23.0,9.0,0.0,16.0,NULL,610.0,851.0,107.0,12.0,30.0,33.0,91.0,259.0
Milot Rashica,SV Werder Bremen,Stürmer,26.0,1631.0,25.0,NULL,NULL,NULL,NULL,16.0,89.0,33.0,NULL,33.0,87.0,1.0,NULL,NULL,NULL,7.0,NULL,NULL,8.0,37.0,22.0,5.0,1.0,9.0,NULL,301.0,509.0,59.0,16.0,39.0,29.0,98.0,263.0
Marco Richter,FC Augsburg,Stürmer,25.0,1510.0,23.0,13.0,NULL,NULL,NULL,8.0,84.0,22.0,NULL,33.0,75.0,1.0,NULL,NULL,NULL,6.0,NULL,NULL,20.0,64.0,21.0,6.0,0.0,4.0,NULL,316.0,474.0,55.0,8.0,23.0,17.0,91.0,250.0
Kevin Volland,Bayer 04 Leverkusen,Stürmer,34.0,2983.0,45.0,7.0,NULL,NULL,NULL,19.0,89.0,40.0,NULL,30.0,62.0,NULL,NULL,NULL,31.0,10.0,NULL,NULL,33.0,89.0,26.0,12.0,0.0,14.0,NULL,672.0,920.0,87.0,19.0,46.0,38.0,146.0,344.0
Dodi Lukebakio,Fortuna Düsseldorf,Rechte Außenbahn,31.0,2077.0,31.0,8.0,NULL,NULL,NULL,16.0,97.0,28.0,NULL,49.0,99.0,NULL,NULL,NULL,17.0,4.0,NULL,NULL,22.0,47.0,21.0,4.0,4.0,10.0,NULL,425.0,585.0,56.0,16.0,30.0,19.0,144.0,301.0
Benito Raman,Fortuna Düsseldorf,Rechte Außenbahn,30.0,1792.0,26.0,15.0,NULL,NULL,NULL,20.0,83.0,26.0,NULL,37.0,94.0,NULL,NULL,NULL,NULL,4.0,NULL,NULL,5.0,20.0,24.0,4.0,0.0,10.0,NULL,307.0,459.0,55.0,20.0,78.0,21.0,94.0,262.0
Marco Reus,Borussia Dortmund,Offensives Mittelfeld,27.0,2463.0,34.0,8.0,NULL,NULL,NULL,24.0,76.0,34.0,NULL,25.0,63.0,NULL,NULL,NULL,31.0,11.0,NULL,NULL,19.0,45.0,29.0,11.0,3.0,17.0,NULL,847.0,1057.0,70.0,24.0,56.0,37.0,108.0,264.0
Karim Onisiwo,1. FSV Mainz 05,Rechte Außenbahn,26.0,1236.0,17.0,8.0,NULL,NULL,NULL,17.0,46.0,22.0,NULL,15.0,41.0,NULL,NULL,NULL,NULL,6.0,NULL,NULL,42.0,80.0,27.0,3.0,0.0,7.0,NULL,151.0,252.0,39.0,17.0,29.0,19.0,113.0,224.0
Kai Havertz,Bayer 04 Leverkusen,Offensives Mittelfeld,34.0,3075.0,42.0,16.0,NULL,NULL,NULL,17.0,114.0,24.0,NULL,44.0,88.0,NULL,NULL,NULL,26.0,4.0,NULL,NULL,55.0,117.0,19.0,4.0,3.0,17.0,NULL,1571.0,1821.0,87.0,17.0,50.0,34.0,179.0,396.0
Max Kruse,SV Werder Bremen,Stürmer,32.0,3018.0,41.0,8.0,NULL,NULL,NULL,NULL,66.0,23.0,NULL,38.0,58.0,2.0,NULL,NULL,NULL,8.0,NULL,NULL,23.0,60.0,31.0,10.0,3.0,11.0,NULL,1330.0,1786.0,91.0,5.0,46.0,73.0,109.0,265.0
Ante Rebic,Eintracht Frankfurt,Stürmer,28.0,2098.0,28.0,9.0,NULL,NULL,NULL,7.0,136.0,47.0,NULL,45.0,106.0,NULL,NULL,NULL,NULL,8.0,NULL,NULL,37.0,91.0,25.0,4.0,0.0,9.0,NULL,293.0,543.0,61.0,7.0,27.0,34.0,123.0,366.0
Kingsley Coman,FC Bayern München,Linke Außenbahn,21.0,1441.0,19.0,NULL,NULL,NULL,NULL,6.0,75.0,17.0,NULL,58.0,97.0,NULL,NULL,NULL,NULL,7.0,NULL,NULL,12.0,26.0,22.0,5.0,0.0,6.0,NULL,539.0,678.0,31.0,6.0,24.0,28.0,122.0,240.0
Alfred Finnbogason,FC Augsburg,Stürmer,18.0,1375.0,18.0,NULL,NULL,NULL,NULL,NULL,37.0,34.0,NULL,12.0,26.0,NULL,NULL,NULL,NULL,3.0,NULL,NULL,23.0,55.0,30.0,2.0,4.0,10.0,NULL,222.0,326.0,40.0,3.0,16.0,20.0,52.0,163.0
Jean-Philippe Mateta,1. FSV Mainz 05,Stürmer,34.0,2617.0,34.0,NULL,NULL,NULL,NULL,9.0,102.0,32.0,NULL,35.0,74.0,NULL,NULL,NULL,22.0,4.0,NULL,NULL,107.0,204.0,21.0,3.0,0.0,14.0,NULL,322.0,476.0,97.0,9.0,22.0,25.0,185.0,422.0
Lucas Alario,Bayer 04 Leverkusen,Stürmer,27.0,1375.0,16.0,NULL,NULL,NULL,NULL,8.0,34.0,23.0,NULL,5.0,16.0,NULL,NULL,NULL,12.0,NULL,NULL,NULL,38.0,110.0,26.0,3.0,0.0,9.0,NULL,307.0,412.0,42.0,8.0,24.0,15.0,82.0,218.0
Ihlas Bebou,Hannover 96,Rechte Außenbahn,12.0,1137.0,13.0,9.0,NULL,NULL,NULL,9.0,52.0,9.0,NULL,35.0,66.0,NULL,NULL,NULL,NULL,2.0,NULL,NULL,20.0,48.0,25.0,3.0,1.0,4.0,NULL,292.0,438.0,27.0,9.0,18.0,15.0,90.0,183.0
Wout Weghorst,VfL Wolfsburg,Stürmer,34.0,3098.0,35.0,8.0,NULL,NULL,NULL,22.0,60.0,37.0,NULL,14.0,27.0,NULL,NULL,NULL,32.0,7.0,NULL,NULL,114.0,211.0,26.0,7.0,4.0,17.0,NULL,569.0,819.0,73.0,22.0,57.0,32.0,195.0,415.0
Rouwen Hennings,Fortuna Düsseldorf,Stürmer,29.0,1956.0,22.0,NULL,NULL,NULL,NULL,11.0,23.0,23.0,NULL,4.0,14.0,NULL,NULL,NULL,19.0,5.0,NULL,NULL,52.0,129.0,31.0,5.0,1.0,7.0,NULL,294.0,450.0,59.0,11.0,25.0,27.0,92.0,225.0
Davie Selke,Hertha BSC,Stürmer,30.0,1869.0,21.0,NULL,NULL,NULL,NULL,NULL,61.0,28.0,NULL,22.0,55.0,NULL,NULL,NULL,NULL,5.0,NULL,NULL,105.0,198.0,24.0,9.0,0.0,3.0,NULL,276.0,475.0,45.0,NULL,NULL,19.0,158.0,345.0
Ádám Szalai,TSG 1899 Hoffenheim,Stürmer,30.0,1787.0,20.0,NULL,NULL,NULL,NULL,13.0,39.0,33.0,NULL,10.0,26.0,NULL,NULL,NULL,NULL,NULL,NULL,NULL,44.0,93.0,31.0,5.0,0.0,6.0,NULL,302.0,420.0,65.0,13.0,26.0,24.0,97.0,223.0
Vedad Ibisevic,Hertha BSC,Stürmer,28.0,1878.0,21.0,NULL,NULL,NULL,NULL,7.0,36.0,38.0,NULL,13.0,23.0,NULL,NULL,NULL,20.0,NULL,NULL,NULL,71.0,148.0,34.0,3.0,1.0,10.0,NULL,308.0,435.0,54.0,7.0,21.0,15.0,109.0,267.0
Sébastien Haller,Eintracht Frankfurt,Stürmer,29.0,2353.0,26.0,12.0,NULL,NULL,NULL,11.0,71.0,42.0,NULL,24.0,48.0,NULL,NULL,NULL,23.0,9.0,NULL,NULL,195.0,332.0,24.0,9.0,3.0,15.0,NULL,501.0,793.0,54.0,11.0,36.0,32.0,285.0,546.0
Nils Petersen,SC Freiburg,Stürmer,24.0,2087.0,23.0,14.0,NULL,NULL,NULL,21.0,43.0,23.0,NULL,7.0,21.0,NULL,NULL,NULL,32.0,NULL,NULL,NULL,88.0,255.0,30.0,3.0,1.0,10.0,NULL,345.0,514.0,50.0,21.0,48.0,19.0,143.0,392.0
Guido Burgstaller,FC Schalke 04,Stürmer,24.0,1643.0,18.0,NULL,NULL,NULL,NULL,9.0,62.0,24.0,NULL,7.0,36.0,NULL,NULL,NULL,NULL,NULL,NULL,NULL,33.0,96.0,30.0,1.0,0.0,4.0,NULL,188.0,306.0,45.0,9.0,16.0,8.0,75.0,226.0
Niclas Füllkrug,Hannover 96,Stürmer,14.0,1195.0,13.0,NULL,NULL,NULL,NULL,NULL,34.0,20.0,NULL,5.0,21.0,NULL,NULL,NULL,15.0,NULL,NULL,NULL,64.0,138.0,26.0,1.0,1.0,2.0,NULL,268.0,388.0,37.0,NULL,NULL,13.0,85.0,215.0
Thomas Müller,FC Bayern München,Rechte Außenbahn,32.0,2483.0,27.0,10.0,NULL,NULL,NULL,23.0,30.0,23.0,NULL,22.0,35.0,NULL,NULL,NULL,13.0,13.0,NULL,NULL,48.0,108.0,29.0,12.0,0.0,6.0,NULL,925.0,1271.0,63.0,23.0,70.0,55.0,136.0,273.0
Hendrik Weydandt,Hannover 96,Stürmer,28.0,1847.0,20.0,NULL,NULL,NULL,NULL,12.0,68.0,34.0,NULL,11.0,42.0,NULL,NULL,NULL,43.0,6.0,NULL,NULL,125.0,244.0,23.0,2.0,0.0,6.0,NULL,251.0,443.0,61.0,12.0,38.0,22.0,181.0,420.0
Emil Forsberg,RB Leipzig,Linke Außenbahn,20.0,1305.0,14.0,NULL,NULL,NULL,NULL,7.0,46.0,7.0,NULL,21.0,45.0,NULL,NULL,NULL,NULL,6.0,NULL,NULL,8.0,18.0,27.0,8.0,3.0,4.0,NULL,405.0,529.0,30.0,7.0,23.0,38.0,65.0,139.0
Joelinton,TSG 1899 Hoffenheim,Stürmer,28.0,2268.0,24.0,14.0,NULL,NULL,NULL,24.0,110.0,56.0,NULL,41.0,90.0,NULL,NULL,NULL,NULL,9.0,NULL,NULL,61.0,153.0,22.0,7.0,0.0,7.0,NULL,560.0,707.0,56.0,24.0,57.0,37.0,166.0,439.0
Marko Grujic,Hertha BSC,Zentrales Mittelfeld,22.0,1907.0,20.0,29.0,NULL,NULL,NULL,33.0,40.0,44.0,NULL,29.0,49.0,NULL,NULL,NULL,50.0,NULL,NULL,NULL,69.0,105.0,23.0,1.0,0.0,5.0,NULL,776.0,956.0,46.0,33.0,70.0,16.0,165.0,308.0
Yussuf Poulsen,RB Leipzig,Stürmer,31.0,2595.0,27.0,7.0,NULL,NULL,NULL,10.0,110.0,56.0,NULL,24.0,69.0,NULL,NULL,NULL,27.0,6.0,NULL,NULL,143.0,285.0,24.0,4.0,0.0,15.0,NULL,477.0,790.0,65.0,10.0,42.0,31.0,236.0,560.0
Daniel Ginczek,VfL Wolfsburg,Stürmer,24.0,1373.0,14.0,NULL,NULL,NULL,NULL,7.0,38.0,14.0,NULL,13.0,26.0,1.0,NULL,NULL,19.0,3.0,NULL,NULL,26.0,63.0,28.0,4.0,0.0,6.0,NULL,203.0,349.0,36.0,7.0,23.0,12.0,62.0,164.0
Leon Goretzka,FC Bayern München,Zentrales Mittelfeld,30.0,2158.0,22.0,26.0,NULL,NULL,NULL,22.0,25.0,28.0,NULL,14.0,23.0,1.0,NULL,NULL,14.0,2.0,NULL,NULL,37.0,87.0,24.0,5.0,0.0,8.0,NULL,1023.0,1175.0,56.0,22.0,64.0,16.0,111.0,235.0
Kevin Möhwald,SV Werder Bremen,Zentrales Mittelfeld,23.0,984.0,10.0,17.0,NULL,NULL,NULL,10.0,20.0,15.0,NULL,9.0,18.0,NULL,NULL,NULL,13.0,NULL,NULL,NULL,11.0,26.0,25.0,1.0,0.0,3.0,NULL,406.0,506.0,20.0,10.0,31.0,9.0,59.0,125.0
Lucas Höler,SC Freiburg,Stürmer,26.0,1083.0,11.0,NULL,NULL,NULL,NULL,16.0,49.0,17.0,NULL,8.0,33.0,2.0,NULL,NULL,14.0,NULL,NULL,NULL,14.0,44.0,24.0,0.0,0.0,4.0,NULL,172.0,261.0,26.0,16.0,32.0,8.0,68.0,173.0
Johannes Eggestein,SV Werder Bremen,Stürmer,23.0,1194.0,12.0,NULL,NULL,NULL,NULL,9.0,63.0,15.0,NULL,15.0,43.0,NULL,NULL,NULL,NULL,3.0,NULL,NULL,13.0,51.0,21.0,2.0,0.0,4.0,NULL,231.0,330.0,34.0,9.0,26.0,11.0,55.0,181.0
Mark Uth,FC Schalke 04,Stürmer,20.0,1507.0,15.0,8.0,NULL,NULL,NULL,11.0,39.0,26.0,NULL,16.0,40.0,NULL,NULL,NULL,11.0,2.0,NULL,NULL,14.0,51.0,27.0,2.0,0.0,2.0,NULL,275.0,383.0,39.0,11.0,39.0,12.0,74.0,191.0
Anastasios Donis,VfB Stuttgart,Stürmer,24.0,1017.0,10.0,NULL,NULL,NULL,NULL,13.0,32.0,21.0,NULL,17.0,35.0,NULL,NULL,NULL,NULL,NULL,NULL,NULL,10.0,46.0,22.0,2.0,0.0,5.0,NULL,NULL,NULL,30.0,13.0,21.0,6.0,55.0,146.0
Daniel Didavi,VfB Stuttgart,Offensives Mittelfeld,20.0,1027.0,10.0,NULL,NULL,NULL,NULL,15.0,27.0,12.0,NULL,11.0,17.0,NULL,NULL,NULL,NULL,2.0,NULL,NULL,6.0,21.0,29.0,2.0,0.0,2.0,NULL,326.0,461.0,24.0,15.0,33.0,28.0,68.0,133.0
Karim Bellarabi,Bayer 04 Leverkusen,Rechte Außenbahn,19.0,1131.0,11.0,11.0,NULL,NULL,NULL,7.0,52.0,17.0,NULL,19.0,43.0,NULL,NULL,NULL,NULL,6.0,NULL,NULL,NULL,NULL,28.0,5.0,0.0,5.0,NULL,335.0,492.0,43.0,7.0,28.0,25.0,46.0,130.0
Christian Pulisic,Borussia Dortmund,Rechte Außenbahn,20.0,1030.0,10.0,NULL,NULL,NULL,NULL,6.0,91.0,9.0,NULL,43.0,92.0,NULL,NULL,NULL,NULL,3.0,NULL,NULL,15.0,44.0,20.0,4.0,0.0,4.0,NULL,399.0,530.0,27.0,6.0,14.0,16.0,95.0,228.0
Michael Gregoritsch,FC Augsburg,Offensives Mittelfeld,32.0,2633.0,25.0,16.0,NULL,NULL,NULL,12.0,50.0,27.0,NULL,13.0,35.0,NULL,NULL,NULL,58.0,2.0,NULL,NULL,89.0,178.0,25.0,2.0,1.0,6.0,NULL,655.0,924.0,85.0,12.0,42.0,25.0,150.0,335.0
Breel Embolo,FC Schalke 04,Stürmer,20.0,1411.0,13.0,NULL,NULL,NULL,NULL,17.0,80.0,30.0,NULL,27.0,70.0,NULL,NULL,NULL,NULL,6.0,NULL,NULL,29.0,77.0,22.0,4.0,0.0,5.0,NULL,166.0,261.0,26.0,17.0,30.0,16.0,109.0,275.0
Vincenzo Grifo,SC Freiburg,Linke Außenbahn,23.0,1868.0,17.0,NULL,NULL,NULL,NULL,17.0,50.0,13.0,NULL,34.0,56.0,NULL,NULL,NULL,15.0,2.0,NULL,NULL,NULL,NULL,26.0,6.0,2.0,7.0,NULL,700.0,951.0,57.0,17.0,50.0,45.0,90.0,180.0
Mario Götze,Borussia Dortmund,Offensives Mittelfeld,26.0,1781.0,16.0,8.0,NULL,NULL,NULL,19.0,74.0,20.0,NULL,27.0,60.0,1.0,NULL,NULL,NULL,11.0,NULL,NULL,8.0,39.0,26.0,7.0,0.0,7.0,NULL,720.0,900.0,28.0,19.0,47.0,39.0,88.0,233.0
Mario Gomez,VfB Stuttgart,Stürmer,31.0,2344.0,21.0,NULL,NULL,NULL,NULL,11.0,35.0,32.0,NULL,8.0,22.0,NULL,NULL,NULL,33.0,4.0,NULL,NULL,90.0,174.0,NULL,NULL,NULL,NULL,NULL,323.0,492.0,53.0,11.0,30.0,24.0,139.0,299.0
Kenan Karaman,Fortuna Düsseldorf,Linke Außenbahn,21.0,1007.0,9.0,NULL,NULL,NULL,NULL,9.0,28.0,15.0,NULL,18.0,30.0,NULL,NULL,NULL,NULL,3.0,NULL,NULL,29.0,59.0,25.0,2.0,0.0,3.0,NULL,197.0,281.0,22.0,9.0,20.0,13.0,76.0,152.0
Julian Brandt,Bayer 04 Leverkusen,Linke Außenbahn,33.0,2823.0,25.0,16.0,NULL,NULL,NULL,17.0,101.0,13.0,NULL,55.0,107.0,1.0,NULL,NULL,NULL,13.0,NULL,NULL,27.0,63.0,23.0,14.0,0.0,7.0,NULL,1437.0,1868.0,65.0,17.0,61.0,85.0,131.0,313.0
Mathew Leckie,Hertha BSC,Rechte Außenbahn,18.0,1017.0,9.0,13.0,NULL,NULL,NULL,13.0,37.0,18.0,NULL,10.0,28.0,NULL,NULL,NULL,13.0,NULL,NULL,NULL,46.0,66.0,28.0,1.0,0.0,2.0,NULL,237.0,351.0,22.0,13.0,29.0,12.0,94.0,176.0
Josip Brekalo,VfL Wolfsburg,Linke Außenbahn,25.0,1515.0,13.0,15.0,NULL,NULL,NULL,6.0,63.0,16.0,NULL,32.0,70.0,1.0,NULL,NULL,NULL,NULL,NULL,NULL,7.0,21.0,20.0,3.0,0.0,3.0,NULL,424.0,623.0,26.0,6.0,28.0,20.0,75.0,180.0
Raphaël Guerreiro,Borussia Dortmund,Linksverteidiger,23.0,1633.0,14.0,19.0,NULL,NULL,NULL,12.0,45.0,10.0,NULL,31.0,53.0,1.0,NULL,NULL,NULL,8.0,NULL,NULL,6.0,26.0,25.0,6.0,0.0,2.0,NULL,956.0,1161.0,35.0,12.0,36.0,37.0,83.0,168.0
Thorgan Hazard,B. Mönchengladbach,Rechte Außenbahn,33.0,3035.0,26.0,27.0,NULL,NULL,NULL,32.0,115.0,26.0,NULL,70.0,133.0,NULL,NULL,NULL,NULL,13.0,NULL,NULL,21.0,93.0,26.0,11.0,3.0,10.0,NULL,973.0,1383.0,77.0,32.0,81.0,71.0,204.0,445.0
Nicolai Müller,Hannover 96,Rechte Außenbahn,21.0,1185.0,10.0,NULL,NULL,NULL,NULL,11.0,37.0,17.0,NULL,18.0,31.0,NULL,NULL,NULL,NULL,NULL,NULL,NULL,4.0,27.0,31.0,0.0,0.0,5.0,NULL,218.0,317.0,23.0,11.0,41.0,12.0,58.0,150.0
Leon Bailey,Bayer 04 Leverkusen,Linke Außenbahn,29.0,2018.0,17.0,16.0,NULL,NULL,NULL,11.0,72.0,17.0,NULL,50.0,78.0,NULL,NULL,NULL,NULL,5.0,NULL,NULL,13.0,27.0,21.0,2.0,0.0,5.0,NULL,621.0,948.0,56.0,11.0,29.0,45.0,112.0,227.0
Franck Ribéry,FC Bayern München,Linke Außenbahn,25.0,1308.0,11.0,8.0,NULL,NULL,NULL,8.0,98.0,17.0,NULL,37.0,89.0,NULL,NULL,NULL,NULL,3.0,NULL,NULL,NULL,NULL,36.0,4.0,0.0,6.0,NULL,602.0,742.0,26.0,8.0,20.0,21.0,71.0,198.0
Jadon Sancho,Borussia Dortmund,Linke Außenbahn,34.0,2644.0,22.0,15.0,NULL,NULL,NULL,11.0,140.0,NULL,NULL,111.0,192.0,NULL,NULL,NULL,NULL,11.0,NULL,NULL,1.0,19.0,19.0,17.0,0.0,12.0,NULL,1148.0,1433.0,40.0,11.0,40.0,61.0,169.0,352.0
Kerem Demirbay,TSG 1899 Hoffenheim,Zentrales Mittelfeld,26.0,2132.0,17.0,24.0,NULL,NULL,NULL,36.0,75.0,46.0,NULL,57.0,80.0,NULL,NULL,NULL,21.0,14.0,NULL,NULL,15.0,38.0,25.0,9.0,0.0,4.0,NULL,1096.0,1417.0,58.0,36.0,95.0,76.0,162.0,344.0
Leonardo Bittencourt,TSG 1899 Hoffenheim,Linke Außenbahn,21.0,1146.0,9.0,13.0,NULL,NULL,NULL,26.0,30.0,17.0,NULL,9.0,25.0,NULL,NULL,NULL,NULL,2.0,NULL,NULL,5.0,19.0,25.0,3.0,0.0,1.0,NULL,354.0,472.0,23.0,26.0,63.0,20.0,83.0,167.0
Yuya Kubo,1. FC Nürnberg,Stürmer,22.0,1430.0,11.0,10.0,NULL,NULL,NULL,11.0,54.0,21.0,NULL,11.0,36.0,NULL,NULL,NULL,NULL,NULL,NULL,NULL,9.0,32.0,25.0,0.0,0.0,1.0,NULL,290.0,411.0,29.0,11.0,42.0,9.0,65.0,180.0
Matheus Pereira,1. FC Nürnberg,Rechte Außenbahn,19.0,1311.0,10.0,13.0,NULL,NULL,NULL,12.0,37.0,28.0,NULL,40.0,56.0,NULL,NULL,NULL,NULL,NULL,NULL,NULL,5.0,23.0,22.0,2.0,0.0,3.0,NULL,343.0,479.0,29.0,12.0,26.0,14.0,109.0,200.0
Steven Zuber,VfB Stuttgart,Linke Außenbahn,22.0,1706.0,13.0,11.0,NULL,NULL,NULL,12.0,52.0,22.0,NULL,9.0,25.0,NULL,NULL,NULL,NULL,3.0,NULL,NULL,16.0,42.0,27.0,2.0,1.0,5.0,NULL,521.0,711.0,48.0,12.0,36.0,17.0,66.0,179.0
Eduard Löwen,1. FC Nürnberg,Zentrales Mittelfeld,22.0,1717.0,13.0,10.0,NULL,NULL,NULL,21.0,77.0,18.0,NULL,29.0,70.0,NULL,NULL,NULL,18.0,2.0,NULL,NULL,17.0,48.0,22.0,3.0,0.0,3.0,NULL,539.0,726.0,37.0,21.0,52.0,13.0,101.0,247.0
Lars Stindl,B. Mönchengladbach,Stürmer,21.0,1585.0,12.0,14.0,NULL,NULL,NULL,13.0,28.0,19.0,NULL,15.0,28.0,NULL,NULL,NULL,12.0,5.0,NULL,NULL,20.0,41.0,30.0,3.0,0.0,3.0,NULL,623.0,758.0,34.0,13.0,32.0,22.0,85.0,163.0
Maximilian Arnold,VfL Wolfsburg,Zentrales Mittelfeld,33.0,3047.0,23.0,36.0,NULL,NULL,NULL,29.0,35.0,45.0,NULL,24.0,30.0,1.0,NULL,NULL,44.0,7.0,NULL,NULL,26.0,69.0,24.0,7.0,0.0,2.0,NULL,1110.0,1465.0,54.0,29.0,86.0,45.0,180.0,339.0
Ondrej Duda,Hertha BSC,Offensives Mittelfeld,32.0,2687.0,20.0,15.0,NULL,NULL,NULL,33.0,64.0,77.0,NULL,37.0,62.0,NULL,NULL,NULL,13.0,8.0,NULL,NULL,31.0,83.0,24.0,6.0,0.0,11.0,NULL,951.0,1267.0,54.0,33.0,93.0,39.0,167.0,391.0
Robin Quaison,1. FSV Mainz 05,Stürmer,28.0,2323.0,17.0,7.0,NULL,NULL,NULL,12.0,88.0,31.0,NULL,22.0,52.0,NULL,NULL,NULL,NULL,NULL,NULL,NULL,23.0,94.0,25.0,3.0,0.0,7.0,NULL,326.0,452.0,50.0,12.0,27.0,18.0,86.0,278.0
Admir Mehmedi,VfL Wolfsburg,Stürmer,26.0,1786.0,13.0,14.0,NULL,NULL,NULL,30.0,49.0,28.0,NULL,13.0,34.0,NULL,NULL,NULL,NULL,6.0,NULL,NULL,24.0,64.0,28.0,7.0,0.0,6.0,NULL,563.0,783.0,36.0,30.0,73.0,37.0,121.0,264.0
Bobby Wood,Hannover 96,Stürmer,20.0,1273.0,9.0,NULL,NULL,NULL,NULL,9.0,73.0,18.0,NULL,6.0,22.0,NULL,NULL,NULL,NULL,2.0,NULL,NULL,24.0,56.0,26.0,1.0,0.0,3.0,NULL,227.0,300.0,18.0,9.0,15.0,10.0,55.0,179.0
Salomon Kalou,Hertha BSC,Linke Außenbahn,30.0,2429.0,17.0,NULL,NULL,NULL,NULL,11.0,89.0,29.0,NULL,54.0,83.0,NULL,NULL,NULL,22.0,9.0,NULL,NULL,38.0,112.0,33.0,3.0,3.0,8.0,NULL,508.0,708.0,47.0,11.0,35.0,28.0,132.0,338.0
Alexander Esswein,VfB Stuttgart,Rechte Außenbahn,17.0,1303.0,9.0,12.0,NULL,NULL,NULL,11.0,33.0,18.0,NULL,9.0,25.0,NULL,NULL,NULL,13.0,NULL,NULL,NULL,15.0,43.0,NULL,NULL,NULL,NULL,NULL,295.0,452.0,29.0,11.0,32.0,17.0,58.0,152.0
Mikael Ishak,1. FC Nürnberg,Stürmer,29.0,2030.0,14.0,NULL,NULL,NULL,NULL,6.0,32.0,23.0,NULL,11.0,21.0,NULL,NULL,NULL,11.0,2.0,NULL,NULL,32.0,113.0,26.0,4.0,0.0,4.0,NULL,291.0,421.0,39.0,6.0,22.0,20.0,84.0,233.0
Marcel Sabitzer,RB Leipzig,Rechte Außenbahn,30.0,2492.0,17.0,33.0,NULL,NULL,NULL,28.0,55.0,27.0,NULL,15.0,28.0,NULL,NULL,NULL,29.0,8.0,NULL,NULL,18.0,45.0,25.0,5.0,0.0,4.0,NULL,836.0,1218.0,64.0,28.0,73.0,35.0,108.0,239.0
André Hahn,FC Augsburg,Rechte Außenbahn,28.0,2207.0,15.0,26.0,NULL,NULL,NULL,38.0,59.0,67.0,NULL,18.0,49.0,NULL,NULL,NULL,28.0,3.0,NULL,NULL,56.0,121.0,28.0,5.0,0.0,4.0,NULL,301.0,559.0,37.0,38.0,92.0,28.0,157.0,374.0
Kevin Kampl,RB Leipzig,Zentrales Mittelfeld,27.0,2212.0,15.0,33.0,NULL,NULL,NULL,24.0,34.0,30.0,NULL,24.0,32.0,NULL,NULL,NULL,20.0,7.0,NULL,NULL,17.0,30.0,28.0,6.0,0.0,2.0,NULL,1240.0,1508.0,34.0,24.0,60.0,45.0,89.0,184.0
Denis Zakaria,B. Mönchengladbach,Defensives Mittelfeld,31.0,2088.0,14.0,24.0,NULL,NULL,NULL,21.0,54.0,31.0,NULL,30.0,62.0,NULL,NULL,NULL,18.0,NULL,NULL,NULL,15.0,35.0,22.0,1.0,0.0,4.0,NULL,628.0,765.0,36.0,21.0,59.0,16.0,103.0,225.0
Jacob Bruun Larsen,Borussia Dortmund,Linke Außenbahn,24.0,1350.0,9.0,13.0,NULL,NULL,NULL,8.0,46.0,NULL,NULL,15.0,41.0,NULL,NULL,NULL,12.0,4.0,NULL,NULL,14.0,31.0,20.0,2.0,0.0,2.0,NULL,412.0,534.0,26.0,8.0,24.0,17.0,52.0,128.0
Florian Neuhaus,B. Mönchengladbach,Zentrales Mittelfeld,32.0,2164.0,13.0,10.0,NULL,NULL,NULL,15.0,65.0,26.0,NULL,29.0,59.0,NULL,NULL,NULL,21.0,5.0,NULL,NULL,7.0,27.0,22.0,9.0,0.0,3.0,NULL,734.0,894.0,51.0,15.0,45.0,28.0,98.0,229.0
David Alaba,FC Bayern München,Linksverteidiger,31.0,2688.0,16.0,32.0,NULL,NULL,NULL,20.0,31.0,12.0,NULL,28.0,39.0,NULL,NULL,NULL,30.0,6.0,NULL,NULL,24.0,43.0,26.0,3.0,0.0,3.0,NULL,1766.0,2140.0,47.0,20.0,40.0,28.0,94.0,163.0
Adam Zrelák,1. FC Nürnberg,Stürmer,14.0,1019.0,6.0,NULL,NULL,NULL,NULL,10.0,12.0,19.0,NULL,NULL,NULL,NULL,NULL,NULL,12.0,NULL,NULL,NULL,53.0,141.0,NULL,NULL,NULL,NULL,NULL,NULL,NULL,17.0,10.0,18.0,7.0,74.0,195.0
Pascal Stenzel,SC Freiburg,Rechtsverteidiger,21.0,1542.0,9.0,27.0,NULL,NULL,NULL,26.0,NULL,21.0,NULL,NULL,NULL,1.0,NULL,NULL,45.0,3.0,NULL,NULL,23.0,40.0,NULL,NULL,NULL,NULL,NULL,726.0,898.0,25.0,26.0,60.0,16.0,81.0,143.0
Jean-Paul Boëtius,1. FSV Mainz 05,Linke Außenbahn,30.0,2257.0,13.0,35.0,NULL,NULL,NULL,32.0,66.0,52.0,NULL,30.0,56.0,NULL,NULL,NULL,11.0,9.0,NULL,NULL,23.0,55.0,25.0,8.0,0.0,4.0,NULL,648.0,859.0,46.0,32.0,76.0,29.0,150.0,322.0
Javier Martínez,FC Bayern München,Defensives Mittelfeld,21.0,1393.0,8.0,29.0,NULL,NULL,NULL,16.0,NULL,12.0,NULL,5.0,9.0,NULL,NULL,NULL,12.0,NULL,NULL,NULL,50.0,84.0,NULL,NULL,NULL,NULL,NULL,796.0,909.0,18.0,16.0,38.0,6.0,95.0,159.0
Filip Kostic,Eintracht Frankfurt,Linke Außenbahn,34.0,3158.0,18.0,23.0,NULL,NULL,NULL,42.0,83.0,26.0,NULL,56.0,94.0,NULL,NULL,NULL,36.0,15.0,NULL,NULL,43.0,86.0,26.0,11.0,0.0,6.0,NULL,943.0,1581.0,62.0,42.0,103.0,45.0,201.0,389.0
Sebastian Kerk,1. FC Nürnberg,Linke Außenbahn,21.0,1246.0,7.0,NULL,NULL,NULL,NULL,9.0,20.0,9.0,NULL,4.0,10.0,1.0,NULL,NULL,15.0,3.0,NULL,NULL,11.0,19.0,NULL,NULL,NULL,NULL,NULL,309.0,483.0,18.0,9.0,34.0,24.0,42.0,95.0
Alfredo Morales,Fortuna Düsseldorf,Zentrales Mittelfeld,23.0,1653.0,9.0,25.0,NULL,NULL,NULL,18.0,24.0,43.0,NULL,3.0,12.0,NULL,NULL,NULL,29.0,2.0,NULL,NULL,79.0,156.0,29.0,1.0,0.0,1.0,NULL,504.0,678.0,19.0,18.0,51.0,7.0,130.0,287.0
Renato Steffen,VfL Wolfsburg,Rechte Außenbahn,31.0,1592.0,8.0,16.0,NULL,NULL,NULL,16.0,28.0,19.0,NULL,20.0,31.0,NULL,NULL,NULL,13.0,3.0,NULL,NULL,19.0,46.0,27.0,1.0,0.0,5.0,NULL,431.0,577.0,27.0,16.0,34.0,14.0,92.0,172.0
Javairo Dilrosun,Hertha BSC,Linke Außenbahn,17.0,997.0,5.0,8.0,NULL,NULL,NULL,10.0,31.0,8.0,NULL,9.0,26.0,NULL,NULL,NULL,NULL,4.0,NULL,NULL,3.0,20.0,NULL,NULL,NULL,NULL,NULL,179.0,246.0,11.0,10.0,18.0,12.0,47.0,105.0
Jérôme Gondorf,SC Freiburg,Zentrales Mittelfeld,25.0,1404.0,7.0,19.0,NULL,NULL,NULL,19.0,29.0,29.0,NULL,6.0,17.0,1.0,NULL,NULL,21.0,6.0,NULL,NULL,18.0,42.0,30.0,2.0,0.0,2.0,NULL,350.0,513.0,23.0,19.0,47.0,20.0,82.0,173.0
Jonas Hofmann,B. Mönchengladbach,Zentrales Mittelfeld,27.0,2019.0,10.0,15.0,NULL,NULL,NULL,20.0,46.0,20.0,NULL,11.0,31.0,NULL,NULL,NULL,13.0,4.0,NULL,NULL,7.0,38.0,26.0,5.0,1.0,5.0,NULL,906.0,1114.0,36.0,20.0,64.0,33.0,81.0,203.0
Virgil Misidjan,1. FC Nürnberg,Rechte Außenbahn,23.0,1624.0,8.0,9.0,NULL,NULL,NULL,13.0,114.0,35.0,NULL,42.0,112.0,NULL,NULL,NULL,NULL,NULL,NULL,NULL,17.0,42.0,25.0,2.0,0.0,1.0,NULL,270.0,396.0,23.0,13.0,43.0,8.0,134.0,328.0
Suat Serdar,FC Schalke 04,Zentrales Mittelfeld,26.0,1831.0,9.0,22.0,NULL,NULL,NULL,34.0,61.0,39.0,NULL,38.0,63.0,1.0,NULL,NULL,NULL,2.0,NULL,NULL,21.0,42.0,22.0,1.0,0.0,2.0,NULL,316.0,441.0,30.0,34.0,88.0,12.0,139.0,291.0
Nicolás González,VfB Stuttgart,Stürmer,30.0,2288.0,11.0,12.0,NULL,NULL,NULL,13.0,75.0,28.0,NULL,45.0,74.0,NULL,NULL,NULL,25.0,5.0,NULL,NULL,113.0,208.0,NULL,NULL,NULL,NULL,NULL,370.0,618.0,58.0,13.0,27.0,27.0,225.0,428.0
Weston McKennie,FC Schalke 04,Zentrales Mittelfeld,24.0,1872.0,9.0,35.0,NULL,NULL,NULL,14.0,38.0,33.0,NULL,16.0,31.0,1.0,NULL,NULL,43.0,3.0,NULL,NULL,86.0,138.0,20.0,4.0,0.0,1.0,NULL,488.0,710.0,25.0,14.0,53.0,18.0,145.0,290.0
Philipp Max,FC Augsburg,Linksverteidiger,30.0,2732.0,13.0,22.0,NULL,NULL,NULL,25.0,24.0,12.0,NULL,10.0,19.0,1.0,NULL,NULL,39.0,9.0,NULL,NULL,24.0,62.0,25.0,4.0,0.0,4.0,NULL,841.0,1244.0,24.0,25.0,52.0,58.0,88.0,178.0
Daniel Caligiuri,FC Schalke 04,Rechtsverteidiger,31.0,2948.0,14.0,48.0,NULL,NULL,NULL,55.0,88.0,30.0,NULL,61.0,106.0,1.0,NULL,NULL,64.0,6.0,NULL,NULL,39.0,77.0,31.0,5.0,4.0,7.0,NULL,1098.0,1638.0,50.0,55.0,154.0,59.0,231.0,445.0
Willi Orban,RB Leipzig,Innenverteidiger,24.0,2167.0,10.0,37.0,NULL,NULL,NULL,26.0,NULL,27.0,NULL,NULL,NULL,NULL,NULL,NULL,139.0,NULL,NULL,NULL,111.0,181.0,26.0,0.0,0.0,4.0,NULL,783.0,999.0,27.0,26.0,62.0,NULL,190.0,301.0
Ja-cheol Koo,FC Augsburg,Offensives Mittelfeld,26.0,1744.0,8.0,24.0,NULL,NULL,NULL,24.0,51.0,26.0,NULL,14.0,25.0,NULL,NULL,NULL,18.0,NULL,NULL,NULL,23.0,58.0,30.0,1.0,0.0,2.0,NULL,505.0,629.0,26.0,24.0,52.0,21.0,108.0,233.0
Pavel Kaderábek,TSG 1899 Hoffenheim,Rechtsverteidiger,29.0,2689.0,12.0,36.0,NULL,NULL,NULL,20.0,20.0,34.0,NULL,8.0,16.0,1.0,NULL,NULL,62.0,7.0,NULL,NULL,52.0,83.0,NULL,NULL,NULL,NULL,NULL,1053.0,1410.0,28.0,20.0,45.0,39.0,110.0,206.0
Kevin Danso,FC Augsburg,Innenverteidiger,18.0,1346.0,6.0,19.0,NULL,NULL,NULL,14.0,10.0,16.0,NULL,NULL,NULL,NULL,NULL,NULL,72.0,NULL,NULL,NULL,45.0,74.0,20.0,1.0,0.0,1.0,NULL,454.0,623.0,11.0,14.0,28.0,NULL,86.0,144.0
Kevin Stöger,Fortuna Düsseldorf,Offensives Mittelfeld,25.0,2255.0,10.0,29.0,NULL,NULL,NULL,34.0,42.0,47.0,NULL,28.0,45.0,1.0,NULL,NULL,18.0,11.0,NULL,NULL,NULL,NULL,25.0,7.0,0.0,1.0,NULL,1198.0,1456.0,33.0,34.0,100.0,54.0,153.0,290.0
Mike Frantz,SC Freiburg,Zentrales Mittelfeld,31.0,2302.0,10.0,20.0,NULL,NULL,NULL,25.0,26.0,20.0,NULL,7.0,17.0,NULL,NULL,NULL,29.0,3.0,NULL,NULL,47.0,94.0,32.0,2.0,0.0,2.0,NULL,502.0,670.0,19.0,25.0,48.0,16.0,123.0,230.0
Amine Harit,FC Schalke 04,Offensives Mittelfeld,18.0,1152.0,5.0,9.0,NULL,NULL,NULL,8.0,56.0,9.0,NULL,35.0,52.0,NULL,NULL,NULL,NULL,NULL,NULL,NULL,7.0,23.0,21.0,2.0,0.0,1.0,NULL,345.0,434.0,12.0,8.0,30.0,21.0,107.0,201.0
Theodor Gebre Selassie,SV Werder Bremen,Rechtsverteidiger,32.0,3018.0,13.0,68.0,NULL,NULL,NULL,38.0,38.0,33.0,NULL,14.0,31.0,NULL,NULL,NULL,87.0,2.0,NULL,NULL,101.0,181.0,32.0,3.0,0.0,3.0,NULL,1352.0,1669.0,27.0,38.0,81.0,21.0,199.0,379.0
Maximilian Eggestein,SV Werder Bremen,Zentrales Mittelfeld,34.0,3267.0,14.0,32.0,NULL,NULL,NULL,44.0,57.0,37.0,NULL,16.0,40.0,NULL,NULL,NULL,63.0,6.0,NULL,NULL,40.0,91.0,22.0,5.0,0.0,5.0,NULL,1273.0,1603.0,45.0,44.0,96.0,43.0,162.0,331.0
Yuya Osako,SV Werder Bremen,Stürmer,21.0,1435.0,6.0,7.0,NULL,NULL,NULL,11.0,49.0,20.0,NULL,14.0,20.0,NULL,NULL,NULL,NULL,3.0,NULL,NULL,28.0,53.0,29.0,3.0,0.0,3.0,NULL,360.0,505.0,27.0,11.0,38.0,16.0,86.0,192.0
Jonathan de Guzmán,Eintracht Frankfurt,Zentrales Mittelfeld,28.0,1678.0,7.0,11.0,NULL,NULL,NULL,24.0,24.0,18.0,NULL,13.0,20.0,NULL,NULL,NULL,12.0,9.0,NULL,NULL,24.0,42.0,31.0,6.0,0.0,3.0,NULL,688.0,944.0,22.0,24.0,49.0,35.0,88.0,161.0
Thomas Delaney,Borussia Dortmund,Zentrales Mittelfeld,30.0,2427.0,10.0,57.0,NULL,NULL,NULL,54.0,21.0,45.0,NULL,10.0,17.0,NULL,NULL,NULL,43.0,3.0,NULL,NULL,54.0,97.0,27.0,6.0,0.0,3.0,NULL,1382.0,1624.0,33.0,54.0,80.0,13.0,157.0,273.0
Marcel Halstenberg,RB Leipzig,Linksverteidiger,28.0,2556.0,10.0,38.0,NULL,NULL,NULL,43.0,40.0,24.0,NULL,29.0,44.0,NULL,NULL,NULL,53.0,14.0,NULL,NULL,70.0,106.0,27.0,6.0,2.0,3.0,NULL,1153.0,1590.0,23.0,43.0,90.0,55.0,187.0,310.0
Florian Grillitsch,TSG 1899 Hoffenheim,Zentrales Mittelfeld,30.0,2571.0,10.0,68.0,NULL,NULL,NULL,48.0,21.0,41.0,NULL,23.0,33.0,1.0,NULL,NULL,52.0,4.0,NULL,NULL,46.0,95.0,NULL,NULL,NULL,NULL,NULL,1304.0,1568.0,32.0,48.0,118.0,27.0,191.0,344.0
Jérôme Roussillon,VfL Wolfsburg,Linksverteidiger,28.0,2617.0,10.0,31.0,NULL,NULL,NULL,29.0,80.0,20.0,NULL,48.0,91.0,NULL,NULL,NULL,37.0,4.0,NULL,NULL,23.0,51.0,26.0,6.0,0.0,3.0,NULL,1020.0,1361.0,20.0,29.0,54.0,31.0,154.0,291.0
Dominik Kohr,Bayer 04 Leverkusen,Zentrales Mittelfeld,18.0,1065.0,4.0,17.0,NULL,NULL,NULL,28.0,16.0,22.0,NULL,4.0,9.0,1.0,NULL,NULL,15.0,NULL,NULL,NULL,12.0,29.0,NULL,NULL,NULL,NULL,NULL,407.0,506.0,15.0,28.0,62.0,6.0,72.0,145.0
Jonathan Schmid,FC Augsburg,Rechte Außenbahn,28.0,2687.0,10.0,41.0,NULL,NULL,NULL,22.0,40.0,21.0,NULL,16.0,36.0,2.0,NULL,NULL,59.0,2.0,NULL,NULL,29.0,55.0,28.0,7.0,0.0,3.0,NULL,1104.0,1404.0,18.0,22.0,56.0,44.0,110.0,208.0
Danny Latza,1. FSV Mainz 05,Defensives Mittelfeld,24.0,1929.0,7.0,21.0,NULL,NULL,NULL,23.0,43.0,25.0,NULL,15.0,34.0,NULL,NULL,NULL,27.0,NULL,NULL,NULL,32.0,63.0,NULL,NULL,NULL,NULL,NULL,823.0,1031.0,39.0,23.0,83.0,20.0,127.0,266.0
Maximilian Mittelstädt,Hertha BSC,Linksverteidiger,25.0,1929.0,7.0,45.0,NULL,NULL,NULL,37.0,41.0,14.0,NULL,23.0,39.0,NULL,NULL,NULL,51.0,NULL,NULL,NULL,42.0,66.0,22.0,2.0,0.0,1.0,NULL,650.0,898.0,23.0,37.0,86.0,20.0,147.0,251.0
Nabil Bentaleb,FC Schalke 04,Defensives Mittelfeld,25.0,1935.0,7.0,35.0,NULL,NULL,NULL,18.0,23.0,30.0,NULL,20.0,29.0,NULL,NULL,NULL,17.0,2.0,NULL,NULL,38.0,55.0,24.0,1.0,3.0,3.0,NULL,729.0,945.0,21.0,18.0,49.0,15.0,108.0,191.0
Axel Witsel,Borussia Dortmund,Defensives Mittelfeld,33.0,3093.0,11.0,47.0,NULL,NULL,NULL,33.0,35.0,26.0,NULL,25.0,35.0,NULL,NULL,NULL,47.0,3.0,NULL,NULL,46.0,76.0,30.0,1.0,0.0,4.0,NULL,2248.0,2418.0,36.0,33.0,57.0,15.0,167.0,269.0
Lars Bender,Bayer 04 Leverkusen,Rechtsverteidiger,20.0,1428.0,5.0,22.0,NULL,NULL,NULL,30.0,11.0,27.0,NULL,10.0,16.0,NULL,NULL,NULL,23.0,NULL,NULL,NULL,35.0,71.0,30.0,4.0,0.0,1.0,NULL,768.0,931.0,16.0,30.0,56.0,13.0,114.0,202.0
Ozan Kabak,VfB Stuttgart,Innenverteidiger,15.0,1431.0,5.0,23.0,NULL,NULL,NULL,19.0,NULL,21.0,NULL,14.0,18.0,1.0,NULL,NULL,53.0,NULL,NULL,NULL,54.0,81.0,19.0,0.0,0.0,3.0,NULL,432.0,561.0,11.0,19.0,43.0,NULL,113.0,177.0
Kaan Ayhan,Fortuna Düsseldorf,Innenverteidiger,28.0,2603.0,9.0,63.0,NULL,NULL,NULL,31.0,NULL,25.0,NULL,13.0,18.0,2.0,NULL,NULL,114.0,NULL,NULL,NULL,42.0,71.0,24.0,1.0,0.0,4.0,NULL,1262.0,1436.0,23.0,31.0,77.0,6.0,126.0,209.0
Pierre Kunde,1. FSV Mainz 05,Zentrales Mittelfeld,29.0,2028.0,7.0,26.0,NULL,NULL,NULL,29.0,35.0,23.0,NULL,23.0,35.0,1.0,NULL,NULL,47.0,NULL,NULL,NULL,23.0,43.0,NULL,NULL,NULL,NULL,NULL,939.0,1173.0,30.0,29.0,61.0,16.0,121.0,209.0
Patrick Herrmann,B. Mönchengladbach,Rechte Außenbahn,24.0,1184.0,4.0,NULL,NULL,NULL,NULL,14.0,21.0,16.0,NULL,12.0,25.0,NULL,NULL,NULL,11.0,5.0,NULL,NULL,8.0,26.0,28.0,2.0,0.0,3.0,NULL,393.0,527.0,19.0,14.0,31.0,24.0,50.0,114.0
Daniel Baier,FC Augsburg,Defensives Mittelfeld,33.0,2980.0,10.0,61.0,NULL,NULL,NULL,40.0,38.0,51.0,NULL,14.0,26.0,2.0,NULL,NULL,48.0,NULL,NULL,NULL,29.0,72.0,NULL,NULL,NULL,NULL,NULL,1225.0,1617.0,26.0,40.0,103.0,19.0,155.0,319.0
Davy Klaassen,SV Werder Bremen,Zentrales Mittelfeld,33.0,2985.0,10.0,48.0,NULL,NULL,NULL,46.0,35.0,48.0,NULL,15.0,29.0,NULL,NULL,NULL,41.0,6.0,NULL,NULL,33.0,97.0,26.0,5.0,0.0,5.0,NULL,913.0,1244.0,32.0,46.0,98.0,36.0,135.0,312.0
Elvis Rexhbecaj,VfL Wolfsburg,Defensives Mittelfeld,24.0,1225.0,4.0,13.0,NULL,NULL,NULL,16.0,29.0,12.0,NULL,9.0,18.0,NULL,NULL,NULL,16.0,2.0,NULL,NULL,19.0,41.0,21.0,2.0,0.0,2.0,NULL,289.0,416.0,10.0,16.0,37.0,8.0,87.0,160.0
Hanno Behrens,1. FC Nürnberg,Zentrales Mittelfeld,30.0,2795.0,9.0,34.0,NULL,NULL,NULL,27.0,23.0,39.0,NULL,8.0,16.0,NULL,NULL,NULL,46.0,2.0,NULL,NULL,96.0,230.0,29.0,3.0,2.0,4.0,NULL,617.0,912.0,39.0,27.0,71.0,21.0,172.0,390.0
Matthias Ginter,B. Mönchengladbach,Innenverteidiger,27.0,2522.0,8.0,19.0,NULL,NULL,NULL,14.0,NULL,12.0,NULL,NULL,NULL,1.0,NULL,NULL,97.0,NULL,NULL,NULL,67.0,111.0,25.0,0.0,0.0,2.0,NULL,1535.0,1781.0,23.0,14.0,33.0,7.0,108.0,181.0
Thiago,FC Bayern München,Zentrales Mittelfeld,30.0,2544.0,8.0,44.0,NULL,NULL,NULL,67.0,40.0,52.0,NULL,54.0,66.0,1.0,NULL,NULL,18.0,5.0,NULL,NULL,34.0,73.0,28.0,6.0,0.0,2.0,NULL,2316.0,2576.0,23.0,67.0,112.0,38.0,211.0,357.0
Marvin Bakalorz,Hannover 96,Zentrales Mittelfeld,25.0,1590.0,5.0,27.0,NULL,NULL,NULL,10.0,36.0,22.0,NULL,10.0,28.0,NULL,NULL,NULL,45.0,NULL,NULL,NULL,30.0,54.0,29.0,1.0,0.0,1.0,NULL,300.0,403.0,12.0,10.0,47.0,8.0,82.0,192.0
Mitchell Weiser,Bayer 04 Leverkusen,Rechtsverteidiger,30.0,2256.0,7.0,27.0,NULL,NULL,NULL,37.0,64.0,32.0,NULL,27.0,61.0,NULL,NULL,NULL,39.0,4.0,NULL,NULL,21.0,66.0,25.0,4.0,0.0,1.0,NULL,1267.0,1596.0,13.0,37.0,87.0,28.0,148.0,311.0
Genki Haraguchi,Hannover 96,Linke Außenbahn,28.0,2285.0,7.0,21.0,NULL,NULL,NULL,28.0,68.0,33.0,NULL,45.0,85.0,NULL,NULL,NULL,23.0,4.0,NULL,NULL,26.0,57.0,NULL,NULL,NULL,NULL,NULL,657.0,861.0,32.0,28.0,95.0,26.0,150.0,329.0
Yannick Gerhardt,VfL Wolfsburg,Zentrales Mittelfeld,30.0,2612.0,8.0,29.0,NULL,NULL,NULL,35.0,55.0,28.0,NULL,10.0,30.0,NULL,NULL,NULL,31.0,5.0,NULL,NULL,22.0,64.0,25.0,6.0,0.0,2.0,NULL,770.0,1020.0,36.0,35.0,80.0,20.0,125.0,276.0
Ridle Baku,1. FSV Mainz 05,Zentrales Mittelfeld,15.0,997.0,3.0,8.0,NULL,NULL,NULL,8.0,22.0,9.0,NULL,7.0,20.0,NULL,NULL,NULL,NULL,NULL,NULL,NULL,9.0,18.0,NULL,NULL,NULL,NULL,NULL,366.0,449.0,11.0,8.0,22.0,6.0,46.0,91.0
Josuha Guilavogui,VfL Wolfsburg,Defensives Mittelfeld,19.0,1666.0,5.0,44.0,NULL,NULL,NULL,15.0,NULL,24.0,NULL,8.0,10.0,3.0,NULL,NULL,55.0,NULL,NULL,NULL,29.0,49.0,28.0,1.0,0.0,2.0,NULL,654.0,804.0,NULL,15.0,41.0,8.0,75.0,137.0
Nico Schulz,TSG 1899 Hoffenheim,Linksverteidiger,30.0,2711.0,8.0,25.0,NULL,NULL,NULL,20.0,86.0,30.0,NULL,51.0,115.0,NULL,NULL,NULL,29.0,13.0,NULL,NULL,9.0,27.0,26.0,6.0,0.0,1.0,NULL,1166.0,1555.0,30.0,20.0,54.0,60.0,114.0,268.0
Christian Gentner,VfB Stuttgart,Zentrales Mittelfeld,29.0,2122.0,6.0,29.0,NULL,NULL,NULL,41.0,30.0,30.0,NULL,10.0,23.0,1.0,NULL,NULL,36.0,4.0,NULL,NULL,36.0,68.0,NULL,NULL,NULL,NULL,NULL,714.0,1015.0,30.0,41.0,94.0,16.0,137.0,260.0
Walace,Hannover 96,Defensives Mittelfeld,26.0,2138.0,6.0,46.0,NULL,NULL,NULL,22.0,53.0,31.0,NULL,23.0,44.0,1.0,NULL,NULL,36.0,NULL,NULL,NULL,54.0,92.0,24.0,1.0,0.0,1.0,NULL,914.0,1076.0,19.0,22.0,83.0,12.0,152.0,308.0
Lukas Klostermann,RB Leipzig,Rechtsverteidiger,26.0,2141.0,6.0,29.0,NULL,NULL,NULL,29.0,18.0,17.0,NULL,7.0,17.0,NULL,NULL,NULL,62.0,NULL,NULL,NULL,43.0,70.0,22.0,1.0,0.0,5.0,NULL,753.0,1019.0,13.0,29.0,66.0,18.0,111.0,189.0
Joshua Kimmich,FC Bayern München,Rechtsverteidiger,34.0,3247.0,9.0,37.0,NULL,NULL,NULL,27.0,54.0,27.0,NULL,38.0,67.0,2.0,NULL,NULL,33.0,20.0,NULL,NULL,24.0,46.0,24.0,14.0,0.0,2.0,NULL,2580.0,3012.0,25.0,27.0,74.0,81.0,159.0,290.0
Alessandro Schöpf,FC Schalke 04,Offensives Mittelfeld,15.0,1093.0,3.0,9.0,NULL,NULL,NULL,17.0,37.0,28.0,NULL,16.0,32.0,NULL,NULL,NULL,NULL,2.0,NULL,NULL,NULL,NULL,24.0,1.0,0.0,1.0,NULL,380.0,476.0,18.0,17.0,42.0,14.0,54.0,146.0
Arne Maier,Hertha BSC,Defensives Mittelfeld,24.0,2187.0,6.0,29.0,NULL,NULL,NULL,16.0,27.0,18.0,NULL,22.0,36.0,NULL,NULL,NULL,33.0,NULL,NULL,NULL,21.0,40.0,NULL,NULL,NULL,NULL,NULL,1027.0,1189.0,20.0,16.0,50.0,17.0,89.0,170.0
Valentino Lazaro,Hertha BSC,Rechte Außenbahn,31.0,2918.0,8.0,44.0,NULL,NULL,NULL,33.0,65.0,23.0,NULL,34.0,74.0,NULL,NULL,NULL,54.0,12.0,NULL,NULL,20.0,65.0,23.0,7.0,0.0,3.0,NULL,1175.0,1621.0,20.0,33.0,78.0,53.0,128.0,293.0
Oliver Fink,Fortuna Düsseldorf,Zentrales Mittelfeld,18.0,1118.0,3.0,13.0,NULL,NULL,NULL,23.0,32.0,25.0,NULL,9.0,19.0,NULL,NULL,NULL,19.0,NULL,NULL,NULL,69.0,147.0,36.0,0.0,0.0,3.0,NULL,232.0,397.0,12.0,23.0,63.0,NULL,135.0,293.0
Achraf Hakimi,Borussia Dortmund,Rechtsverteidiger,21.0,1871.0,5.0,28.0,NULL,NULL,NULL,19.0,56.0,14.0,NULL,39.0,67.0,2.0,NULL,NULL,39.0,4.0,NULL,NULL,14.0,32.0,20.0,4.0,0.0,2.0,NULL,1340.0,1574.0,20.0,19.0,53.0,12.0,123.0,229.0
Mats Hummels,FC Bayern München,Innenverteidiger,21.0,1873.0,5.0,36.0,NULL,NULL,NULL,17.0,NULL,10.0,NULL,9.0,11.0,1.0,NULL,NULL,48.0,2.0,NULL,NULL,83.0,121.0,30.0,1.0,0.0,1.0,NULL,1559.0,1741.0,19.0,17.0,42.0,13.0,128.0,195.0
Ermin Bicakcic,TSG 1899 Hoffenheim,Innenverteidiger,25.0,1920.0,5.0,61.0,NULL,NULL,NULL,19.0,NULL,18.0,NULL,NULL,NULL,1.0,NULL,NULL,76.0,NULL,NULL,NULL,53.0,84.0,29.0,2.0,0.0,1.0,NULL,1031.0,1171.0,10.0,19.0,41.0,NULL,101.0,167.0
Christian Günter,SC Freiburg,Linksverteidiger,32.0,3082.0,8.0,14.0,NULL,NULL,NULL,27.0,70.0,28.0,NULL,39.0,88.0,NULL,NULL,NULL,38.0,8.0,NULL,NULL,10.0,36.0,NULL,NULL,NULL,NULL,NULL,1061.0,1468.0,29.0,27.0,61.0,47.0,112.0,256.0
Daniel Brosinski,1. FSV Mainz 05,Rechtsverteidiger,26.0,2343.0,6.0,30.0,NULL,NULL,NULL,16.0,27.0,13.0,NULL,6.0,22.0,NULL,NULL,NULL,44.0,6.0,NULL,NULL,19.0,49.0,30.0,6.0,3.0,3.0,NULL,946.0,1343.0,18.0,16.0,42.0,40.0,65.0,149.0
Konrad Laimer,RB Leipzig,Zentrales Mittelfeld,29.0,1972.0,5.0,31.0,NULL,NULL,NULL,39.0,67.0,40.0,NULL,31.0,58.0,NULL,NULL,NULL,19.0,5.0,NULL,NULL,20.0,49.0,21.0,1.0,0.0,1.0,NULL,578.0,817.0,14.0,39.0,123.0,19.0,136.0,324.0
Niko Gießelmann,Fortuna Düsseldorf,Linksverteidiger,30.0,2764.0,7.0,36.0,NULL,NULL,NULL,37.0,23.0,26.0,NULL,11.0,25.0,1.0,NULL,NULL,62.0,5.0,NULL,NULL,50.0,81.0,NULL,NULL,NULL,NULL,NULL,996.0,1368.0,26.0,37.0,89.0,26.0,153.0,264.0
Charles Aránguiz,Bayer 04 Leverkusen,Zentrales Mittelfeld,24.0,1994.0,5.0,25.0,NULL,NULL,NULL,29.0,35.0,27.0,NULL,9.0,17.0,1.0,NULL,NULL,25.0,4.0,NULL,NULL,12.0,23.0,30.0,7.0,0.0,2.0,NULL,1455.0,1652.0,23.0,29.0,93.0,28.0,99.0,217.0
Niklas Stark,Hertha BSC,Innenverteidiger,22.0,1996.0,5.0,35.0,NULL,NULL,NULL,19.0,NULL,20.0,NULL,NULL,NULL,2.0,NULL,NULL,133.0,NULL,NULL,NULL,54.0,87.0,24.0,0.0,0.0,1.0,NULL,869.0,1036.0,12.0,19.0,48.0,NULL,110.0,182.0
Christoph Kramer,B. Mönchengladbach,Defensives Mittelfeld,18.0,1207.0,3.0,20.0,NULL,NULL,NULL,22.0,23.0,24.0,NULL,9.0,16.0,NULL,NULL,NULL,22.0,2.0,NULL,NULL,15.0,42.0,28.0,1.0,0.0,2.0,NULL,651.0,736.0,8.0,22.0,66.0,8.0,79.0,178.0
Tin Jedvaj,Bayer 04 Leverkusen,Innenverteidiger,16.0,1208.0,3.0,22.0,NULL,NULL,NULL,15.0,15.0,13.0,NULL,7.0,14.0,NULL,NULL,NULL,50.0,NULL,NULL,NULL,23.0,41.0,NULL,NULL,NULL,NULL,NULL,564.0,714.0,9.0,15.0,31.0,NULL,60.0,115.0
Wendell,Bayer 04 Leverkusen,Linksverteidiger,28.0,2426.0,6.0,28.0,NULL,NULL,NULL,48.0,14.0,36.0,NULL,7.0,16.0,NULL,NULL,NULL,57.0,3.0,NULL,NULL,41.0,82.0,25.0,2.0,1.0,2.0,NULL,1616.0,1918.0,11.0,48.0,98.0,16.0,135.0,250.0
Jean-Philippe Gbamin,1. FSV Mainz 05,Defensives Mittelfeld,31.0,2840.0,7.0,31.0,NULL,NULL,NULL,33.0,88.0,38.0,NULL,34.0,72.0,NULL,NULL,NULL,32.0,2.0,NULL,NULL,53.0,89.0,23.0,1.0,0.0,2.0,NULL,1082.0,1366.0,35.0,33.0,83.0,20.0,172.0,360.0
William,VfL Wolfsburg,Rechtsverteidiger,31.0,2864.0,7.0,86.0,NULL,NULL,NULL,57.0,47.0,37.0,NULL,27.0,53.0,3.0,NULL,NULL,114.0,3.0,NULL,NULL,49.0,86.0,24.0,3.0,0.0,2.0,NULL,1308.0,1780.0,25.0,57.0,121.0,40.0,177.0,335.0
Martin Hinteregger,Eintracht Frankfurt,Innenverteidiger,32.0,2904.0,7.0,39.0,NULL,NULL,NULL,61.0,17.0,27.0,NULL,7.0,14.0,NULL,NULL,NULL,115.0,NULL,NULL,NULL,105.0,164.0,26.0,0.0,0.0,3.0,NULL,1078.0,1448.0,29.0,61.0,108.0,9.0,217.0,345.0
Santiago Ascacibar,VfB Stuttgart,Defensives Mittelfeld,27.0,2574.0,6.0,45.0,NULL,NULL,NULL,50.0,25.0,24.0,NULL,13.0,20.0,1.0,NULL,NULL,29.0,NULL,NULL,NULL,28.0,67.0,NULL,NULL,NULL,NULL,NULL,885.0,1102.0,20.0,50.0,116.0,12.0,152.0,275.0
Nicolas Höfler,SC Freiburg,Defensives Mittelfeld,18.0,1719.0,4.0,30.0,NULL,NULL,NULL,22.0,23.0,26.0,NULL,10.0,19.0,NULL,NULL,NULL,38.0,NULL,NULL,NULL,23.0,45.0,NULL,NULL,NULL,NULL,NULL,760.0,882.0,12.0,22.0,67.0,11.0,103.0,192.0
Nordi Mukiele,RB Leipzig,Rechtsverteidiger,19.0,1300.0,3.0,24.0,NULL,NULL,NULL,21.0,26.0,19.0,NULL,19.0,32.0,NULL,NULL,NULL,34.0,3.0,NULL,NULL,36.0,64.0,21.0,1.0,0.0,1.0,NULL,517.0,717.0,8.0,21.0,39.0,11.0,113.0,188.0
Ondrej Petrák,1. FC Nürnberg,Defensives Mittelfeld,22.0,1737.0,4.0,42.0,NULL,NULL,NULL,27.0,15.0,29.0,NULL,NULL,NULL,NULL,NULL,NULL,20.0,NULL,NULL,NULL,43.0,55.0,NULL,NULL,NULL,NULL,NULL,607.0,711.0,14.0,27.0,49.0,6.0,103.0,169.0
Michael Lang,B. Mönchengladbach,Rechtsverteidiger,17.0,1319.0,3.0,17.0,NULL,NULL,NULL,10.0,11.0,10.0,NULL,2.0,12.0,1.0,NULL,NULL,37.0,NULL,NULL,NULL,17.0,30.0,28.0,0.0,0.0,1.0,NULL,646.0,801.0,11.0,10.0,24.0,NULL,41.0,84.0
Emiliano Insúa,VfB Stuttgart,Linksverteidiger,27.0,2219.0,5.0,32.0,NULL,NULL,NULL,35.0,45.0,18.0,NULL,34.0,60.0,1.0,NULL,NULL,45.0,6.0,NULL,NULL,22.0,51.0,30.0,2.0,0.0,2.0,NULL,991.0,1347.0,8.0,35.0,68.0,27.0,118.0,223.0
Miiko Albornoz,Hannover 96,Linksverteidiger,22.0,1779.0,4.0,16.0,NULL,NULL,NULL,26.0,39.0,34.0,NULL,8.0,29.0,1.0,NULL,NULL,31.0,3.0,NULL,NULL,8.0,31.0,28.0,3.0,0.0,1.0,NULL,716.0,958.0,11.0,26.0,71.0,17.0,97.0,218.0
Dan-Axel Zagadou,Borussia Dortmund,Innenverteidiger,17.0,1361.0,3.0,25.0,NULL,NULL,NULL,10.0,NULL,13.0,NULL,12.0,12.0,2.0,NULL,NULL,69.0,NULL,NULL,NULL,48.0,69.0,19.0,0.0,0.0,2.0,NULL,918.0,1046.0,10.0,10.0,14.0,NULL,76.0,115.0
John Anthony Brooks,VfL Wolfsburg,Innenverteidiger,29.0,2798.0,6.0,40.0,NULL,NULL,NULL,15.0,12.0,14.0,NULL,NULL,NULL,1.0,NULL,NULL,131.0,NULL,NULL,NULL,74.0,102.0,26.0,3.0,0.0,3.0,NULL,1490.0,1738.0,19.0,15.0,44.0,NULL,120.0,188.0
Lukasz Piszczek,Borussia Dortmund,Rechtsverteidiger,20.0,1876.0,4.0,42.0,NULL,NULL,NULL,36.0,24.0,16.0,NULL,8.0,25.0,NULL,NULL,NULL,59.0,3.0,NULL,NULL,59.0,90.0,33.0,6.0,0.0,1.0,NULL,1079.0,1330.0,12.0,36.0,74.0,20.0,134.0,222.0
Niklas Süle,FC Bayern München,Innenverteidiger,31.0,2831.0,6.0,42.0,NULL,NULL,NULL,23.0,NULL,17.0,NULL,NULL,NULL,NULL,NULL,NULL,82.0,NULL,NULL,NULL,80.0,104.0,23.0,0.0,0.0,2.0,NULL,2385.0,2566.0,20.0,23.0,35.0,6.0,117.0,171.0
Aleksandar Dragovic,Bayer 04 Leverkusen,Innenverteidiger,18.0,1443.0,3.0,26.0,NULL,NULL,NULL,11.0,NULL,11.0,NULL,NULL,NULL,NULL,NULL,NULL,63.0,NULL,NULL,NULL,28.0,55.0,28.0,0.0,0.0,2.0,NULL,978.0,1087.0,NULL,11.0,21.0,NULL,51.0,93.0
Linton Maina,Hannover 96,Linke Außenbahn,20.0,1460.0,3.0,14.0,NULL,NULL,NULL,17.0,45.0,9.0,NULL,19.0,47.0,NULL,NULL,NULL,NULL,4.0,NULL,NULL,2.0,20.0,19.0,3.0,0.0,1.0,NULL,371.0,501.0,21.0,17.0,41.0,16.0,64.0,148.0
Jean Zimmer,Fortuna Düsseldorf,Rechtsverteidiger,18.0,1505.0,3.0,13.0,NULL,NULL,NULL,10.0,35.0,10.0,NULL,7.0,29.0,1.0,NULL,NULL,25.0,3.0,NULL,NULL,NULL,NULL,25.0,2.0,0.0,1.0,NULL,416.0,601.0,9.0,10.0,25.0,32.0,50.0,110.0
Nuri Sahin,SV Werder Bremen,Defensives Mittelfeld,20.0,1545.0,3.0,36.0,NULL,NULL,NULL,33.0,16.0,28.0,NULL,8.0,12.0,NULL,NULL,NULL,39.0,NULL,NULL,NULL,28.0,54.0,30.0,1.0,0.0,1.0,NULL,936.0,1117.0,12.0,33.0,93.0,16.0,103.0,206.0
Matija Nastasic,FC Schalke 04,Innenverteidiger,28.0,2636.0,5.0,38.0,NULL,NULL,NULL,24.0,NULL,17.0,NULL,NULL,NULL,1.0,NULL,NULL,113.0,NULL,NULL,NULL,64.0,99.0,26.0,0.0,0.0,1.0,NULL,1020.0,1240.0,21.0,24.0,47.0,NULL,109.0,170.0
Sven Bender,Bayer 04 Leverkusen,Innenverteidiger,27.0,2123.0,4.0,51.0,NULL,NULL,NULL,25.0,NULL,21.0,NULL,NULL,NULL,NULL,NULL,NULL,95.0,NULL,NULL,NULL,74.0,121.0,NULL,NULL,NULL,NULL,NULL,1517.0,1671.0,15.0,25.0,53.0,NULL,132.0,215.0
Ludwig Augustinsson,SV Werder Bremen,Linksverteidiger,34.0,3237.0,6.0,36.0,NULL,NULL,NULL,31.0,34.0,41.0,NULL,11.0,31.0,2.0,NULL,NULL,72.0,3.0,NULL,NULL,63.0,130.0,25.0,5.0,0.0,1.0,NULL,1546.0,1967.0,22.0,31.0,67.0,26.0,154.0,308.0
Danny da Costa,Eintracht Frankfurt,Rechtsverteidiger,34.0,3253.0,6.0,30.0,NULL,NULL,NULL,36.0,77.0,33.0,NULL,29.0,83.0,NULL,NULL,NULL,55.0,9.0,NULL,NULL,50.0,100.0,25.0,4.0,0.0,2.0,NULL,847.0,1339.0,20.0,36.0,86.0,33.0,161.0,342.0
Georg Margreitter,1. FC Nürnberg,Innenverteidiger,27.0,2206.0,4.0,28.0,NULL,NULL,NULL,24.0,10.0,10.0,NULL,7.0,10.0,NULL,NULL,NULL,137.0,NULL,NULL,NULL,59.0,94.0,30.0,0.0,0.0,2.0,NULL,990.0,1214.0,16.0,24.0,46.0,NULL,120.0,180.0
Benjamin Pavard,VfB Stuttgart,Innenverteidiger,29.0,2759.0,5.0,52.0,NULL,NULL,NULL,20.0,10.0,19.0,NULL,7.0,13.0,2.0,NULL,NULL,185.0,NULL,NULL,NULL,80.0,138.0,NULL,NULL,NULL,NULL,NULL,1275.0,1515.0,13.0,20.0,37.0,10.0,131.0,225.0
Rani Khedira,FC Augsburg,Defensives Mittelfeld,30.0,2800.0,5.0,82.0,NULL,NULL,NULL,39.0,14.0,47.0,NULL,NULL,NULL,1.0,NULL,NULL,91.0,NULL,NULL,NULL,61.0,118.0,25.0,1.0,0.0,4.0,NULL,1023.0,1252.0,14.0,39.0,73.0,7.0,142.0,275.0
Oscar Wendt,B. Mönchengladbach,Linksverteidiger,32.0,2908.0,5.0,21.0,NULL,NULL,NULL,34.0,16.0,25.0,NULL,7.0,17.0,NULL,NULL,NULL,62.0,3.0,NULL,NULL,25.0,60.0,33.0,1.0,0.0,1.0,NULL,1475.0,1856.0,8.0,34.0,67.0,27.0,95.0,190.0
Tim Leibold,1. FC Nürnberg,Linksverteidiger,32.0,2934.0,5.0,41.0,NULL,NULL,NULL,42.0,49.0,31.0,NULL,24.0,55.0,NULL,NULL,NULL,50.0,5.0,NULL,NULL,34.0,60.0,NULL,NULL,NULL,NULL,NULL,1229.0,1588.0,28.0,42.0,97.0,37.0,161.0,303.0
Gonzalo Castro,VfB Stuttgart,Zentrales Mittelfeld,25.0,1786.0,3.0,30.0,NULL,NULL,NULL,30.0,27.0,28.0,NULL,6.0,13.0,1.0,NULL,NULL,20.0,3.0,NULL,NULL,12.0,36.0,31.0,4.0,0.0,2.0,NULL,664.0,906.0,13.0,30.0,73.0,29.0,83.0,182.0
Robin Knoche,VfL Wolfsburg,Innenverteidiger,32.0,2986.0,5.0,42.0,NULL,NULL,NULL,20.0,NULL,13.0,NULL,7.0,9.0,2.0,NULL,NULL,135.0,NULL,NULL,NULL,77.0,136.0,26.0,0.0,0.0,3.0,NULL,1752.0,2040.0,14.0,20.0,39.0,NULL,127.0,217.0
Stefan Bell,1. FSV Mainz 05,Innenverteidiger,25.0,2396.0,4.0,55.0,NULL,NULL,NULL,20.0,14.0,41.0,NULL,15.0,19.0,1.0,NULL,NULL,123.0,NULL,NULL,NULL,94.0,133.0,NULL,NULL,NULL,NULL,NULL,957.0,1209.0,18.0,20.0,48.0,21.0,152.0,264.0
Jérôme Boateng,FC Bayern München,Innenverteidiger,20.0,1798.0,3.0,25.0,NULL,NULL,NULL,15.0,NULL,15.0,NULL,NULL,NULL,NULL,NULL,NULL,49.0,2.0,NULL,NULL,30.0,36.0,NULL,NULL,NULL,NULL,NULL,1428.0,1609.0,14.0,15.0,32.0,11.0,61.0,91.0
Aarón,1. FSV Mainz 05,Linksverteidiger,33.0,3069.0,5.0,40.0,NULL,NULL,NULL,31.0,39.0,29.0,NULL,45.0,61.0,1.0,NULL,NULL,58.0,6.0,NULL,NULL,23.0,59.0,NULL,NULL,NULL,NULL,NULL,1289.0,1732.0,18.0,31.0,73.0,62.0,151.0,272.0
Janik Haberer,SC Freiburg,Offensives Mittelfeld,27.0,2497.0,4.0,37.0,NULL,NULL,NULL,47.0,58.0,46.0,NULL,22.0,38.0,NULL,NULL,NULL,49.0,4.0,NULL,NULL,52.0,106.0,25.0,4.0,0.0,1.0,NULL,841.0,1074.0,26.0,47.0,109.0,45.0,189.0,386.0
Abdou Diallo,Borussia Dortmund,Innenverteidiger,28.0,2554.0,4.0,27.0,NULL,NULL,NULL,21.0,34.0,21.0,NULL,40.0,58.0,1.0,NULL,NULL,85.0,NULL,NULL,NULL,51.0,90.0,23.0,1.0,0.0,1.0,NULL,1731.0,1957.0,10.0,21.0,41.0,10.0,140.0,238.0
Ibrahima Konaté,RB Leipzig,Innenverteidiger,28.0,2581.0,4.0,58.0,NULL,NULL,NULL,32.0,14.0,37.0,NULL,22.0,26.0,NULL,NULL,NULL,121.0,NULL,NULL,NULL,97.0,135.0,19.0,1.0,0.0,1.0,NULL,789.0,1037.0,12.0,32.0,56.0,NULL,189.0,289.0
Waldemar Anton,Hannover 96,Innenverteidiger,34.0,3278.0,5.0,69.0,NULL,NULL,NULL,31.0,27.0,25.0,NULL,17.0,30.0,2.0,NULL,NULL,164.0,NULL,NULL,NULL,83.0,157.0,22.0,0.0,0.0,1.0,NULL,1443.0,1730.0,24.0,31.0,75.0,NULL,167.0,319.0
Milos Veljkovic,SV Werder Bremen,Innenverteidiger,23.0,2010.0,3.0,32.0,NULL,NULL,NULL,23.0,NULL,21.0,NULL,NULL,NULL,NULL,NULL,NULL,105.0,NULL,NULL,NULL,50.0,95.0,23.0,0.0,0.0,1.0,NULL,1047.0,1240.0,9.0,23.0,48.0,NULL,92.0,174.0
Diego Demme,RB Leipzig,Defensives Mittelfeld,26.0,2155.0,3.0,30.0,NULL,NULL,NULL,49.0,26.0,37.0,NULL,9.0,18.0,NULL,NULL,NULL,16.0,3.0,NULL,NULL,26.0,50.0,NULL,NULL,NULL,NULL,NULL,1215.0,1524.0,10.0,49.0,109.0,25.0,162.0,278.0
Jonathan Tah,Bayer 04 Leverkusen,Innenverteidiger,33.0,3130.0,4.0,46.0,NULL,NULL,NULL,30.0,15.0,16.0,NULL,17.0,20.0,1.0,NULL,NULL,137.0,NULL,NULL,NULL,76.0,109.0,23.0,1.0,0.0,3.0,NULL,2237.0,2493.0,12.0,30.0,58.0,6.0,150.0,229.0
Gelson Fernandes,Eintracht Frankfurt,Defensives Mittelfeld,28.0,2348.0,3.0,50.0,NULL,NULL,NULL,48.0,20.0,56.0,NULL,5.0,11.0,NULL,NULL,NULL,16.0,NULL,NULL,NULL,34.0,82.0,32.0,0.0,0.0,1.0,NULL,705.0,846.0,NULL,48.0,112.0,NULL,117.0,281.0
Manuel Akanji,Borussia Dortmund,Innenverteidiger,25.0,2371.0,3.0,29.0,NULL,NULL,NULL,20.0,11.0,13.0,NULL,8.0,12.0,2.0,NULL,NULL,87.0,NULL,NULL,NULL,45.0,82.0,23.0,0.0,0.0,1.0,NULL,1722.0,1852.0,NULL,20.0,41.0,6.0,100.0,171.0
Matthias Zimmermann,Fortuna Düsseldorf,Rechtsverteidiger,34.0,3243.0,4.0,71.0,NULL,NULL,NULL,63.0,29.0,49.0,NULL,19.0,35.0,2.0,NULL,NULL,79.0,5.0,NULL,NULL,33.0,69.0,26.0,3.0,0.0,1.0,NULL,1231.0,1643.0,15.0,63.0,141.0,20.0,177.0,334.0
Dominique Heintz,SC Freiburg,Innenverteidiger,34.0,3266.0,4.0,46.0,NULL,NULL,NULL,23.0,17.0,30.0,NULL,21.0,28.0,NULL,NULL,NULL,210.0,NULL,NULL,NULL,59.0,110.0,25.0,1.0,0.0,1.0,NULL,1358.0,1662.0,10.0,23.0,59.0,7.0,135.0,247.0
Nico Elvedi,B. Mönchengladbach,Innenverteidiger,30.0,2776.0,3.0,49.0,NULL,NULL,NULL,19.0,NULL,17.0,NULL,9.0,11.0,6.0,NULL,NULL,130.0,NULL,NULL,NULL,80.0,134.0,22.0,1.0,0.0,2.0,NULL,1928.0,2081.0,14.0,19.0,52.0,NULL,145.0,232.0
Salif Sané,FC Schalke 04,Innenverteidiger,30.0,2824.0,3.0,67.0,NULL,NULL,NULL,38.0,NULL,27.0,NULL,13.0,15.0,3.0,NULL,NULL,143.0,NULL,NULL,NULL,118.0,153.0,28.0,0.0,0.0,2.0,NULL,1280.0,1541.0,19.0,38.0,72.0,NULL,217.0,307.0
Lukas Mühl,1. FC Nürnberg,Innenverteidiger,31.0,2972.0,3.0,53.0,NULL,NULL,NULL,35.0,NULL,25.0,NULL,NULL,NULL,1.0,NULL,NULL,131.0,NULL,NULL,NULL,46.0,93.0,22.0,0.0,0.0,1.0,NULL,1225.0,1459.0,13.0,35.0,76.0,NULL,117.0,213.0
Moussa Niakhaté,1. FSV Mainz 05,Innenverteidiger,33.0,2975.0,3.0,46.0,NULL,NULL,NULL,31.0,NULL,36.0,NULL,8.0,10.0,1.0,NULL,NULL,134.0,NULL,NULL,NULL,72.0,118.0,23.0,1.0,0.0,1.0,NULL,1261.0,1533.0,10.0,31.0,63.0,7.0,149.0,249.0
Alexander Hack,1. FSV Mainz 05,Innenverteidiger,14.0,1084.0,NULL,41.0,NULL,NULL,NULL,12.0,NULL,13.0,NULL,8.0,10.0,2.0,NULL,NULL,58.0,NULL,NULL,NULL,43.0,74.0,25.0,1.0,0.0,1.0,NULL,420.0,556.0,11.0,12.0,37.0,NULL,87.0,141.0
Felipe,Hannover 96,Innenverteidiger,17.0,1173.0,NULL,37.0,NULL,NULL,NULL,15.0,NULL,17.0,NULL,NULL,NULL,NULL,NULL,NULL,70.0,NULL,NULL,NULL,30.0,55.0,31.0,0.0,0.0,2.0,NULL,370.0,497.0,10.0,15.0,30.0,NULL,72.0,124.0
Philipp Bargfrede,SV Werder Bremen,Defensives Mittelfeld,15.0,1128.0,NULL,35.0,NULL,NULL,NULL,16.0,10.0,25.0,NULL,NULL,NULL,1.0,NULL,NULL,43.0,NULL,NULL,NULL,27.0,44.0,NULL,NULL,NULL,NULL,NULL,454.0,556.0,NULL,16.0,40.0,NULL,70.0,137.0
Oliver Sorg,Hannover 96,Rechtsverteidiger,19.0,1679.0,NULL,45.0,NULL,NULL,NULL,29.0,NULL,11.0,NULL,9.0,14.0,NULL,NULL,NULL,43.0,NULL,NULL,NULL,10.0,34.0,NULL,NULL,NULL,NULL,NULL,618.0,835.0,NULL,29.0,66.0,6.0,92.0,156.0
Jeffrey Gouweleeuw,FC Augsburg,Innenverteidiger,25.0,2243.0,NULL,60.0,NULL,NULL,NULL,33.0,23.0,21.0,NULL,10.0,22.0,1.0,NULL,NULL,65.0,2.0,NULL,NULL,44.0,82.0,NULL,NULL,NULL,NULL,NULL,931.0,1213.0,NULL,33.0,56.0,7.0,105.0,200.0
Tony Jantschke,B. Mönchengladbach,Rechtsverteidiger,14.0,993.0,NULL,26.0,NULL,NULL,NULL,9.0,NULL,NULL,NULL,NULL,NULL,1.0,NULL,NULL,48.0,NULL,NULL,NULL,29.0,51.0,NULL,NULL,NULL,NULL,NULL,724.0,805.0,NULL,9.0,16.0,NULL,57.0,89.0
Marcel Sobottka,Fortuna Düsseldorf,Defensives Mittelfeld,14.0,1004.0,NULL,26.0,NULL,NULL,NULL,19.0,10.0,26.0,NULL,NULL,NULL,NULL,NULL,NULL,14.0,NULL,NULL,NULL,21.0,48.0,NULL,NULL,NULL,NULL,NULL,268.0,337.0,NULL,19.0,39.0,NULL,64.0,136.0
D. Upamecano,RB Leipzig,Innenverteidiger,15.0,1369.0,NULL,35.0,NULL,NULL,NULL,15.0,10.0,17.0,NULL,8.0,9.0,NULL,NULL,NULL,43.0,NULL,NULL,NULL,45.0,67.0,NULL,NULL,NULL,NULL,NULL,616.0,744.0,10.0,15.0,24.0,NULL,78.0,130.0
Lukas Kübler,SC Freiburg,Rechtsverteidiger,16.0,1264.0,NULL,32.0,NULL,NULL,NULL,22.0,NULL,16.0,NULL,6.0,10.0,1.0,NULL,NULL,43.0,3.0,NULL,NULL,22.0,45.0,NULL,NULL,NULL,NULL,NULL,381.0,556.0,NULL,22.0,43.0,7.0,83.0,139.0
Jordan Torunarigha,Hertha BSC,Innenverteidiger,14.0,1233.0,NULL,30.0,NULL,NULL,NULL,28.0,13.0,26.0,NULL,NULL,NULL,NULL,NULL,NULL,54.0,2.0,NULL,NULL,37.0,53.0,21.0,2.0,0.0,2.0,NULL,391.0,496.0,NULL,28.0,43.0,NULL,76.0,142.0
Kevin Wimmer,Hannover 96,Innenverteidiger,22.0,1820.0,NULL,43.0,NULL,NULL,NULL,17.0,NULL,20.0,NULL,NULL,NULL,NULL,NULL,NULL,58.0,NULL,NULL,NULL,28.0,51.0,NULL,NULL,NULL,NULL,NULL,844.0,1046.0,NULL,17.0,37.0,7.0,59.0,116.0
Marc-Oliver Kempf,VfB Stuttgart,Innenverteidiger,23.0,2148.0,NULL,47.0,NULL,NULL,NULL,18.0,NULL,24.0,NULL,NULL,NULL,1.0,NULL,NULL,131.0,NULL,NULL,NULL,107.0,172.0,NULL,NULL,NULL,NULL,NULL,835.0,1032.0,14.0,18.0,45.0,7.0,170.0,280.0
Omar Mascarell,FC Schalke 04,Defensives Mittelfeld,14.0,1073.0,NULL,23.0,NULL,NULL,NULL,10.0,10.0,13.0,NULL,NULL,NULL,NULL,NULL,NULL,NULL,NULL,NULL,NULL,12.0,23.0,NULL,NULL,NULL,NULL,NULL,397.0,473.0,NULL,10.0,34.0,NULL,41.0,88.0
Julian Korb,Hannover 96,Rechtsverteidiger,12.0,1070.0,NULL,22.0,NULL,NULL,NULL,18.0,12.0,15.0,NULL,4.0,13.0,1.0,NULL,NULL,30.0,NULL,NULL,NULL,7.0,19.0,NULL,NULL,NULL,NULL,NULL,383.0,543.0,NULL,18.0,44.0,10.0,40.0,97.0
Per Skjelbred,Hertha BSC,Defensives Mittelfeld,16.0,1059.0,NULL,20.0,NULL,NULL,NULL,17.0,12.0,15.0,NULL,8.0,9.0,NULL,NULL,NULL,13.0,NULL,NULL,NULL,12.0,23.0,NULL,NULL,NULL,NULL,NULL,496.0,578.0,NULL,17.0,43.0,8.0,56.0,110.0
Stefan Ilsanker,RB Leipzig,Defensives Mittelfeld,19.0,1010.0,NULL,19.0,NULL,NULL,NULL,16.0,NULL,20.0,NULL,NULL,NULL,1.0,NULL,NULL,41.0,NULL,NULL,NULL,34.0,54.0,NULL,NULL,NULL,NULL,NULL,366.0,465.0,NULL,16.0,34.0,NULL,69.0,119.0
Pirmin Schwegler,Hannover 96,Defensives Mittelfeld,27.0,2182.0,NULL,40.0,NULL,NULL,NULL,37.0,23.0,45.0,NULL,13.0,21.0,NULL,NULL,NULL,54.0,NULL,NULL,NULL,34.0,59.0,NULL,NULL,NULL,NULL,NULL,924.0,1201.0,12.0,37.0,91.0,38.0,146.0,264.0
Andre Hoffmann,Fortuna Düsseldorf,Innenverteidiger,13.0,1131.0,NULL,20.0,NULL,NULL,NULL,14.0,NULL,15.0,NULL,NULL,NULL,NULL,NULL,NULL,42.0,NULL,NULL,NULL,22.0,49.0,NULL,NULL,NULL,NULL,NULL,431.0,493.0,NULL,14.0,38.0,NULL,47.0,109.0
Patrick Erras,1. FC Nürnberg,Defensives Mittelfeld,19.0,1317.0,NULL,23.0,NULL,NULL,NULL,11.0,NULL,9.0,NULL,NULL,NULL,NULL,NULL,NULL,44.0,NULL,NULL,NULL,46.0,68.0,NULL,NULL,NULL,NULL,NULL,373.0,467.0,8.0,11.0,27.0,8.0,65.0,108.0
Ewerton,1. FC Nürnberg,Innenverteidiger,18.0,1449.0,NULL,25.0,NULL,NULL,NULL,20.0,NULL,17.0,NULL,10.0,11.0,1.0,NULL,NULL,106.0,NULL,NULL,NULL,58.0,82.0,NULL,NULL,NULL,NULL,NULL,508.0,604.0,9.0,20.0,30.0,NULL,94.0,145.0
David Abraham,Eintracht Frankfurt,Innenverteidiger,17.0,1510.0,NULL,26.0,NULL,NULL,NULL,14.0,NULL,11.0,NULL,NULL,NULL,NULL,NULL,NULL,60.0,NULL,NULL,NULL,40.0,61.0,NULL,NULL,NULL,NULL,NULL,512.0,666.0,NULL,14.0,35.0,NULL,76.0,126.0
Benjamin Stambouli,FC Schalke 04,Innenverteidiger,21.0,1902.0,NULL,32.0,NULL,NULL,NULL,31.0,11.0,23.0,NULL,8.0,11.0,2.0,NULL,NULL,60.0,NULL,NULL,NULL,18.0,39.0,NULL,NULL,NULL,NULL,NULL,759.0,994.0,NULL,31.0,72.0,9.0,91.0,168.0
Marcin Kaminski,Fortuna Düsseldorf,Innenverteidiger,27.0,2581.0,NULL,42.0,NULL,NULL,NULL,13.0,NULL,7.0,NULL,NULL,NULL,2.0,NULL,NULL,104.0,NULL,NULL,NULL,48.0,88.0,NULL,NULL,NULL,NULL,NULL,978.0,1166.0,8.0,13.0,22.0,7.0,75.0,125.0
Robert Bauer,1. FC Nürnberg,Rechtsverteidiger,22.0,1816.0,NULL,29.0,NULL,NULL,NULL,31.0,NULL,19.0,NULL,NULL,NULL,NULL,NULL,NULL,66.0,NULL,NULL,NULL,14.0,40.0,NULL,NULL,NULL,NULL,NULL,584.0,819.0,8.0,31.0,68.0,12.0,85.0,156.0
Karim Rekik,Hertha BSC,Innenverteidiger,24.0,2198.0,NULL,35.0,NULL,NULL,NULL,22.0,NULL,16.0,NULL,NULL,NULL,NULL,NULL,NULL,85.0,NULL,NULL,NULL,50.0,90.0,NULL,NULL,NULL,NULL,NULL,1032.0,1172.0,NULL,22.0,40.0,NULL,111.0,179.0
Matthias Ostrzolek,Hannover 96,Linksverteidiger,18.0,1581.0,NULL,25.0,NULL,NULL,NULL,18.0,11.0,13.0,NULL,NULL,NULL,2.0,NULL,NULL,38.0,NULL,NULL,NULL,10.0,27.0,NULL,NULL,NULL,NULL,NULL,564.0,755.0,NULL,18.0,45.0,8.0,71.0,124.0
Timo Baumgartl,VfB Stuttgart,Innenverteidiger,18.0,1709.0,NULL,27.0,NULL,NULL,NULL,23.0,NULL,12.0,NULL,NULL,NULL,NULL,NULL,NULL,96.0,NULL,NULL,NULL,46.0,69.0,23.0,0.0,0.0,1.0,NULL,703.0,860.0,NULL,23.0,39.0,NULL,95.0,138.0
Adam Bodzek,Fortuna Düsseldorf,Defensives Mittelfeld,21.0,1678.0,NULL,26.0,NULL,NULL,NULL,31.0,NULL,33.0,NULL,NULL,NULL,NULL,NULL,NULL,39.0,NULL,NULL,NULL,33.0,54.0,NULL,NULL,NULL,NULL,NULL,583.0,690.0,NULL,31.0,69.0,8.0,120.0,206.0
Julian Baumgartlinger,Bayer 04 Leverkusen,Defensives Mittelfeld,21.0,1667.0,NULL,25.0,NULL,NULL,NULL,30.0,24.0,19.0,NULL,15.0,23.0,1.0,NULL,NULL,20.0,NULL,NULL,NULL,26.0,50.0,NULL,NULL,NULL,NULL,NULL,1233.0,1378.0,NULL,30.0,77.0,9.0,112.0,202.0
Makoto Hasebe,Eintracht Frankfurt,Innenverteidiger,28.0,2697.0,NULL,39.0,NULL,NULL,NULL,34.0,NULL,17.0,NULL,NULL,NULL,3.0,NULL,NULL,97.0,NULL,NULL,NULL,32.0,71.0,NULL,NULL,NULL,NULL,NULL,1242.0,1459.0,NULL,34.0,69.0,7.0,119.0,197.0
Robin Koch,SC Freiburg,Innenverteidiger,24.0,2048.0,NULL,29.0,NULL,NULL,NULL,14.0,17.0,20.0,NULL,6.0,9.0,3.0,NULL,NULL,75.0,NULL,NULL,NULL,65.0,113.0,22.0,0.0,0.0,1.0,NULL,727.0,889.0,11.0,14.0,41.0,NULL,114.0,215.0
Niklas Moisander,SV Werder Bremen,Innenverteidiger,30.0,2835.0,NULL,40.0,NULL,NULL,NULL,23.0,13.0,34.0,NULL,11.0,18.0,1.0,NULL,NULL,136.0,NULL,NULL,NULL,47.0,86.0,NULL,NULL,NULL,NULL,NULL,1672.0,1941.0,8.0,23.0,61.0,12.0,104.0,214.0
Kevin Vogt,TSG 1899 Hoffenheim,Innenverteidiger,28.0,2540.0,NULL,35.0,NULL,NULL,NULL,16.0,NULL,22.0,NULL,NULL,NULL,2.0,NULL,NULL,99.0,NULL,NULL,NULL,38.0,62.0,NULL,NULL,NULL,NULL,NULL,1656.0,1855.0,NULL,16.0,45.0,6.0,75.0,146.0
Tobias Strobl,B. Mönchengladbach,Defensives Mittelfeld,29.0,2431.0,NULL,33.0,NULL,NULL,NULL,17.0,11.0,26.0,NULL,NULL,NULL,1.0,NULL,NULL,32.0,4.0,NULL,NULL,37.0,76.0,NULL,NULL,NULL,NULL,NULL,1339.0,1488.0,8.0,17.0,49.0,15.0,96.0,188.0
Sebastian Langkamp,SV Werder Bremen,Innenverteidiger,21.0,1520.0,NULL,20.0,NULL,NULL,NULL,16.0,NULL,11.0,NULL,NULL,NULL,1.0,NULL,NULL,77.0,NULL,NULL,NULL,41.0,73.0,NULL,NULL,NULL,NULL,NULL,859.0,969.0,10.0,16.0,31.0,NULL,81.0,132.0
Mijat Gacinovic,Eintracht Frankfurt,Offensives Mittelfeld,29.0,1760.0,NULL,23.0,NULL,NULL,NULL,21.0,52.0,20.0,NULL,28.0,60.0,NULL,NULL,NULL,NULL,3.0,NULL,NULL,11.0,40.0,NULL,NULL,NULL,NULL,NULL,429.0,613.0,21.0,21.0,59.0,19.0,112.0,238.0
Manuel Gulde,SC Freiburg,Innenverteidiger,21.0,1840.0,NULL,24.0,NULL,NULL,NULL,17.0,NULL,9.0,NULL,NULL,NULL,NULL,NULL,NULL,85.0,NULL,NULL,NULL,30.0,52.0,28.0,1.0,0.0,1.0,NULL,719.0,876.0,NULL,17.0,29.0,NULL,76.0,113.0
Evan N'Dicka,Eintracht Frankfurt,Innenverteidiger,27.0,2483.0,NULL,32.0,NULL,NULL,NULL,27.0,19.0,27.0,NULL,5.0,13.0,NULL,NULL,NULL,113.0,NULL,NULL,NULL,71.0,122.0,19.0,1.0,0.0,1.0,NULL,882.0,1113.0,13.0,27.0,63.0,NULL,125.0,242.0
Stefan Posch,TSG 1899 Hoffenheim,Innenverteidiger,17.0,1499.0,NULL,19.0,NULL,NULL,NULL,30.0,NULL,31.0,NULL,NULL,NULL,NULL,NULL,NULL,54.0,NULL,NULL,NULL,40.0,69.0,NULL,NULL,NULL,NULL,NULL,880.0,1001.0,NULL,30.0,53.0,NULL,95.0,171.0
Bastian Oczipka,FC Schalke 04,Linksverteidiger,21.0,2015.0,NULL,25.0,NULL,NULL,NULL,27.0,51.0,16.0,NULL,23.0,53.0,2.0,NULL,NULL,21.0,6.0,NULL,NULL,11.0,23.0,30.0,5.0,0.0,1.0,NULL,808.0,1076.0,13.0,27.0,45.0,45.0,97.0,180.0
Andreas Beck,VfB Stuttgart,Rechtsverteidiger,24.0,1872.0,NULL,23.0,NULL,NULL,NULL,20.0,13.0,24.0,NULL,9.0,12.0,NULL,NULL,NULL,48.0,3.0,NULL,NULL,25.0,50.0,NULL,NULL,NULL,NULL,NULL,602.0,854.0,12.0,20.0,53.0,15.0,102.0,179.0
Julian Weigl,Borussia Dortmund,Defensives Mittelfeld,18.0,1567.0,NULL,17.0,NULL,NULL,NULL,19.0,NULL,14.0,NULL,NULL,NULL,2.0,NULL,NULL,53.0,NULL,NULL,NULL,17.0,32.0,23.0,0.0,0.0,1.0,NULL,1123.0,1208.0,NULL,19.0,48.0,NULL,70.0,119.0
Fabian Johnson,B. Mönchengladbach,Linke Außenbahn,18.0,1082.0,NULL,11.0,NULL,NULL,NULL,NULL,13.0,NULL,NULL,NULL,NULL,NULL,NULL,NULL,13.0,NULL,NULL,NULL,7.0,24.0,31.0,1.0,0.0,1.0,NULL,446.0,559.0,NULL,5.0,14.0,NULL,34.0,70.0
Federico Palacios,1. FC Nürnberg,Stürmer,17.0,1022.0,NULL,10.0,NULL,NULL,NULL,10.0,34.0,9.0,NULL,10.0,22.0,NULL,NULL,NULL,NULL,NULL,NULL,NULL,9.0,24.0,24.0,0.0,0.0,2.0,NULL,243.0,298.0,NULL,10.0,29.0,6.0,48.0,115.0
Sebastian Rudy,FC Schalke 04,Defensives Mittelfeld,21.0,1455.0,NULL,14.0,NULL,NULL,NULL,27.0,18.0,28.0,NULL,5.0,12.0,NULL,NULL,NULL,13.0,2.0,NULL,NULL,NULL,NULL,NULL,NULL,NULL,NULL,NULL,528.0,665.0,NULL,27.0,76.0,13.0,75.0,159.0
Enrico Valentini,1. FC Nürnberg,Rechtsverteidiger,15.0,1373.0,NULL,13.0,NULL,NULL,NULL,26.0,20.0,11.0,NULL,9.0,19.0,NULL,NULL,NULL,49.0,NULL,NULL,NULL,22.0,34.0,NULL,NULL,NULL,NULL,NULL,499.0,770.0,8.0,26.0,62.0,24.0,87.0,148.0
Dennis Aogo,VfB Stuttgart,Linksverteidiger,15.0,1069.0,NULL,9.0,NULL,NULL,NULL,9.0,NULL,9.0,NULL,NULL,NULL,NULL,NULL,NULL,17.0,2.0,NULL,NULL,NULL,NULL,NULL,NULL,NULL,NULL,NULL,473.0,575.0,10.0,9.0,23.0,15.0,37.0,66.0
Marvin Plattenhardt,Hertha BSC,Linksverteidiger,22.0,2040.0,NULL,7.0,NULL,NULL,NULL,22.0,24.0,25.0,NULL,8.0,19.0,NULL,NULL,NULL,45.0,3.0,NULL,NULL,11.0,29.0,27.0,2.0,0.0,1.0,NULL,824.0,1129.0,11.0,22.0,35.0,32.0,70.0,144.0
Ramazan Özcan,Bayer 04 Leverkusen,Torhüter,2.0,193.0,NULL,NULL,1.0,2.0,NULL,NULL,NULL,NULL,NULL,NULL,NULL,NULL,NULL,NULL,NULL,NULL,NULL,NULL,NULL,NULL,NULL,NULL,NULL,NULL,NULL,NULL,NULL,NULL,NULL,NULL,NULL,NULL,NULL
Fabian Bredlow,1. FC Nürnberg,Torhüter,13.0,1194.0,63.0,NULL,1.0,2.0,34.0,NULL,NULL,NULL,2.0,NULL,NULL,NULL,6.0,6.0,NULL,NULL,2.0,14.0,NULL,NULL,NULL,NULL,NULL,NULL,32.0,NULL,NULL,NULL,NULL,NULL,NULL,NULL,NULL
Gregor Kobel,FC Augsburg,Torhüter,17.0,1565.0,101.0,NULL,1.0,3.0,58.0,NULL,NULL,NULL,3.0,NULL,NULL,NULL,5.0,5.0,NULL,NULL,17.0,42.0,NULL,NULL,NULL,NULL,NULL,NULL,46.0,NULL,NULL,NULL,NULL,NULL,NULL,NULL,NULL
Alexander Nübel,FC Schalke 04,Torhüter,18.0,1696.0,87.0,NULL,1.0,4.0,58.0,NULL,NULL,NULL,4.0,NULL,NULL,NULL,8.0,8.0,NULL,NULL,7.0,28.0,NULL,NULL,NULL,NULL,NULL,NULL,45.0,NULL,NULL,NULL,NULL,NULL,NULL,NULL,NULL
Rune Jarstein,Hertha BSC,Torhüter,31.0,2924.0,148.0,NULL,1.0,4.0,102.0,NULL,NULL,NULL,8.0,NULL,NULL,NULL,28.0,29.0,NULL,NULL,20.0,47.0,NULL,NULL,NULL,NULL,NULL,NULL,74.0,NULL,NULL,NULL,NULL,NULL,NULL,NULL,NULL
Lukás Hrádecky,Bayer 04 Leverkusen,Torhüter,32.0,3076.0,130.0,NULL,1.0,4.0,84.0,NULL,NULL,NULL,9.0,NULL,NULL,NULL,17.0,17.0,NULL,NULL,10.0,34.0,NULL,NULL,NULL,NULL,NULL,NULL,66.0,NULL,NULL,NULL,NULL,NULL,NULL,NULL,NULL
Koen Casteels,VfL Wolfsburg,Torhüter,26.0,2462.0,120.0,NULL,1.0,5.0,80.0,NULL,NULL,NULL,8.0,NULL,NULL,NULL,24.0,24.0,NULL,NULL,13.0,37.0,NULL,NULL,NULL,NULL,NULL,NULL,60.0,NULL,NULL,NULL,NULL,NULL,NULL,NULL,NULL
Michael Esser,Hannover 96,Torhüter,32.0,3084.0,219.0,NULL,1.0,6.0,153.0,NULL,NULL,NULL,5.0,NULL,NULL,NULL,25.0,25.0,NULL,NULL,25.0,62.0,NULL,NULL,NULL,NULL,NULL,NULL,118.0,NULL,NULL,NULL,NULL,NULL,NULL,NULL,NULL
Luca Plogmann,SV Werder Bremen,Torhüter,1.0,47.0,NULL,NULL,0.0,1.0,NULL,NULL,NULL,NULL,NULL,NULL,NULL,NULL,NULL,NULL,NULL,NULL,NULL,NULL,NULL,NULL,NULL,NULL,NULL,NULL,NULL,NULL,NULL,NULL,NULL,NULL,NULL,NULL,NULL
Yvon Mvogo,RB Leipzig,Torhüter,2.0,148.0,NULL,NULL,0.0,1.0,NULL,NULL,NULL,NULL,NULL,NULL,NULL,NULL,NULL,NULL,NULL,NULL,NULL,NULL,NULL,NULL,NULL,NULL,NULL,NULL,NULL,NULL,NULL,NULL,NULL,NULL,NULL,NULL,NULL
Marwin Hitz,Borussia Dortmund,Torhüter,2.0,200.0,NULL,NULL,0.0,1.0,NULL,NULL,NULL,NULL,NULL,NULL,NULL,NULL,NULL,NULL,NULL,NULL,NULL,NULL,NULL,NULL,NULL,NULL,NULL,NULL,NULL,NULL,NULL,NULL,NULL,NULL,NULL,NULL,NULL
Pavao Pervan,VfL Wolfsburg,Torhüter,9.0,811.0,NULL,NULL,0.0,1.0,NULL,NULL,NULL,NULL,NULL,NULL,NULL,NULL,NULL,NULL,NULL,NULL,NULL,NULL,NULL,NULL,NULL,NULL,NULL,NULL,NULL,NULL,NULL,NULL,NULL,NULL,NULL,NULL,NULL
Kevin Trapp,Eintracht Frankfurt,Torhüter,33.0,3149.0,166.0,NULL,0.0,1.0,119.0,NULL,NULL,NULL,8.0,NULL,NULL,NULL,26.0,26.0,NULL,NULL,21.0,48.0,NULL,NULL,NULL,NULL,NULL,NULL,93.0,NULL,NULL,NULL,NULL,NULL,NULL,NULL,NULL
Thomas Kraft,Hertha BSC,Torhüter,4.0,339.0,NULL,NULL,0.0,2.0,NULL,NULL,NULL,NULL,NULL,NULL,NULL,NULL,NULL,NULL,NULL,NULL,NULL,NULL,NULL,NULL,NULL,NULL,NULL,NULL,NULL,NULL,NULL,NULL,NULL,NULL,NULL,NULL,NULL
Ralf Fährmann,FC Schalke 04,Torhüter,17.0,1596.0,83.0,NULL,0.0,2.0,58.0,NULL,NULL,NULL,3.0,NULL,NULL,NULL,19.0,19.0,NULL,NULL,16.0,34.0,NULL,NULL,NULL,NULL,NULL,NULL,46.0,NULL,NULL,NULL,NULL,NULL,NULL,NULL,NULL
Christian Mathenia,1. FC Nürnberg,Torhüter,22.0,2067.0,121.0,NULL,0.0,2.0,83.0,NULL,NULL,NULL,2.0,NULL,NULL,NULL,18.0,18.0,NULL,NULL,12.0,33.0,NULL,NULL,NULL,NULL,NULL,NULL,69.0,NULL,NULL,NULL,NULL,NULL,NULL,NULL,NULL
Sven Ulreich,FC Bayern München,Torhüter,9.0,809.0,NULL,NULL,0.0,3.0,NULL,NULL,NULL,NULL,NULL,NULL,NULL,NULL,NULL,NULL,NULL,NULL,NULL,NULL,NULL,NULL,NULL,NULL,NULL,NULL,NULL,NULL,NULL,NULL,NULL,NULL,NULL,NULL,NULL
Manuel Neuer,FC Bayern München,Torhüter,26.0,2438.0,57.0,NULL,0.0,3.0,34.0,NULL,NULL,NULL,10.0,NULL,NULL,NULL,10.0,10.0,NULL,NULL,4.0,17.0,NULL,NULL,NULL,NULL,NULL,NULL,21.0,NULL,NULL,NULL,NULL,NULL,NULL,NULL,NULL
Ron-Robert Zieler,VfB Stuttgart,Torhüter,34.0,3240.0,182.0,NULL,0.0,3.0,116.0,NULL,NULL,NULL,6.0,NULL,NULL,NULL,34.0,35.0,NULL,NULL,20.0,60.0,NULL,NULL,NULL,NULL,NULL,NULL,98.0,NULL,NULL,NULL,NULL,NULL,NULL,NULL,NULL
Yann Sommer,B. Mönchengladbach,Torhüter,34.0,3252.0,162.0,NULL,0.0,3.0,118.0,NULL,NULL,NULL,13.0,NULL,NULL,NULL,24.0,24.0,NULL,NULL,18.0,45.0,NULL,NULL,NULL,NULL,NULL,NULL,86.0,NULL,NULL,NULL,NULL,NULL,NULL,NULL,NULL
Florian Müller,1. FSV Mainz 05,Torhüter,24.0,2300.0,128.0,NULL,0.0,4.0,83.0,NULL,NULL,NULL,5.0,NULL,NULL,NULL,8.0,8.0,NULL,NULL,14.0,44.0,NULL,NULL,NULL,NULL,NULL,NULL,73.0,NULL,NULL,NULL,NULL,NULL,NULL,NULL,NULL
Roman Bürki,Borussia Dortmund,Torhüter,32.0,3090.0,129.0,NULL,0.0,4.0,88.0,NULL,NULL,NULL,10.0,NULL,NULL,NULL,18.0,18.0,NULL,NULL,16.0,41.0,NULL,NULL,NULL,NULL,NULL,NULL,69.0,NULL,NULL,NULL,NULL,NULL,NULL,NULL,NULL
Jirí Pavlenka,SV Werder Bremen,Torhüter,34.0,3188.0,155.0,NULL,0.0,4.0,107.0,NULL,NULL,NULL,5.0,NULL,NULL,NULL,19.0,19.0,NULL,NULL,28.0,59.0,NULL,NULL,NULL,NULL,NULL,NULL,84.0,NULL,NULL,NULL,NULL,NULL,NULL,NULL,NULL
Péter Gulácsi,RB Leipzig,Torhüter,33.0,3097.0,119.0,NULL,0.0,5.0,93.0,NULL,NULL,NULL,15.0,NULL,NULL,NULL,18.0,18.0,NULL,NULL,23.0,39.0,NULL,NULL,NULL,NULL,NULL,NULL,69.0,NULL,NULL,NULL,NULL,NULL,NULL,NULL,NULL
Oliver Baumann,TSG 1899 Hoffenheim,Torhüter,33.0,3186.0,170.0,NULL,0.0,6.0,119.0,NULL,NULL,NULL,5.0,NULL,NULL,NULL,11.0,14.0,NULL,NULL,16.0,48.0,NULL,NULL,NULL,NULL,NULL,NULL,94.0,NULL,NULL,NULL,NULL,NULL,NULL,NULL,NULL
Michael Rensing,Fortuna Düsseldorf,Torhüter,32.0,3068.0,173.0,NULL,0.0,7.0,111.0,NULL,NULL,NULL,5.0,NULL,NULL,NULL,41.0,42.0,NULL,NULL,20.0,57.0,NULL,NULL,NULL,NULL,NULL,NULL,89.0,NULL,NULL,NULL,NULL,NULL,NULL,NULL,NULL
Alexander Schwolow,SC Freiburg,Torhüter,33.0,3188.0,176.0,NULL,0.0,7.0,114.0,NULL,NULL,NULL,5.0,NULL,NULL,NULL,20.0,20.0,NULL,NULL,21.0,61.0,NULL,NULL,NULL,NULL,NULL,NULL,92.0,NULL,NULL,NULL,NULL,NULL,NULL,NULL,NULL
Andreas Luthe,FC Augsburg,Torhüter,15.0,1408.0,78.0,NULL,NULL,NULL,57.0,NULL,NULL,NULL,2.0,NULL,NULL,NULL,3.0,3.0,NULL,NULL,9.0,22.0,NULL,NULL,NULL,NULL,NULL,NULL,48.0,NULL,NULL,NULL,NULL,NULL,NULL,NULL,NULL
Luca Waldschmidt,SC Freiburg,Mittelstürmer,30.0,NULL,NULL,NULL,NULL,NULL,NULL,NULL,NULL,NULL,NULL,NULL,NULL,NULL,NULL,NULL,NULL,NULL,NULL,NULL,NULL,NULL,22.0,3.0,3.0,9.0,NULL,NULL,NULL,NULL,NULL,NULL,NULL,NULL,NULL
James Rodríguez,FC Bayern München,Offensives Mittelfeld,20.0,NULL,NULL,NULL,NULL,NULL,NULL,NULL,NULL,NULL,NULL,NULL,NULL,NULL,NULL,NULL,NULL,NULL,NULL,NULL,NULL,NULL,27.0,4.0,0.0,7.0,NULL,NULL,NULL,NULL,NULL,NULL,NULL,NULL,NULL
Mario Gómez,VfB Stuttgart,Mittelstürmer,31.0,NULL,NULL,NULL,NULL,NULL,NULL,NULL,NULL,NULL,NULL,NULL,NULL,NULL,NULL,NULL,NULL,NULL,NULL,NULL,NULL,NULL,33.0,2.0,0.0,7.0,NULL,NULL,NULL,NULL,NULL,NULL,NULL,NULL,NULL
Reiss Nelson,TSG 1899 Hoffenheim,Rechtsaußen,23.0,NULL,NULL,NULL,NULL,NULL,NULL,NULL,NULL,NULL,NULL,NULL,NULL,NULL,NULL,NULL,NULL,NULL,NULL,NULL,NULL,NULL,19.0,1.0,0.0,7.0,NULL,NULL,NULL,NULL,NULL,NULL,NULL,NULL,NULL
Claudio Pizarro,SV Werder Bremen,Mittelstürmer,26.0,NULL,NULL,NULL,NULL,NULL,NULL,NULL,NULL,NULL,NULL,NULL,NULL,NULL,NULL,NULL,NULL,NULL,NULL,NULL,NULL,NULL,40.0,2.0,0.0,5.0,NULL,NULL,NULL,NULL,NULL,NULL,NULL,NULL,NULL
Martin Harnik,SV Werder Bremen,Mittelstürmer,18.0,NULL,NULL,NULL,NULL,NULL,NULL,NULL,NULL,NULL,NULL,NULL,NULL,NULL,NULL,NULL,NULL,NULL,NULL,NULL,NULL,NULL,31.0,4.0,0.0,4.0,NULL,NULL,NULL,NULL,NULL,NULL,NULL,NULL,NULL
Dong-won Ji,FC Augsburg,Mittelstürmer,14.0,NULL,NULL,NULL,NULL,NULL,NULL,NULL,NULL,NULL,NULL,NULL,NULL,NULL,NULL,NULL,NULL,NULL,NULL,NULL,NULL,NULL,27.0,1.0,0.0,4.0,NULL,NULL,NULL,NULL,NULL,NULL,NULL,NULL,NULL
Anthony Ujah,1.FSV Mainz 05,Mittelstürmer,22.0,NULL,NULL,NULL,NULL,NULL,NULL,NULL,NULL,NULL,NULL,NULL,NULL,NULL,NULL,NULL,NULL,NULL,NULL,NULL,NULL,NULL,28.0,0.0,0.0,4.0,NULL,NULL,NULL,NULL,NULL,NULL,NULL,NULL,NULL
Arjen Robben,FC Bayern München,Rechtsaußen,12.0,NULL,NULL,NULL,NULL,NULL,NULL,NULL,NULL,NULL,NULL,NULL,NULL,NULL,NULL,NULL,NULL,NULL,NULL,NULL,NULL,NULL,35.0,0.0,0.0,4.0,NULL,NULL,NULL,NULL,NULL,NULL,NULL,NULL,NULL
Dawid Kownacki,Fortuna Düsseldorf,Mittelstürmer,10.0,NULL,NULL,NULL,NULL,NULL,NULL,NULL,NULL,NULL,NULL,NULL,NULL,NULL,NULL,NULL,NULL,NULL,NULL,NULL,NULL,NULL,22.0,0.0,0.0,4.0,NULL,NULL,NULL,NULL,NULL,NULL,NULL,NULL,NULL
Pavel Kaderabek,TSG 1899 Hoffenheim,Rechter Verteidiger,29.0,NULL,NULL,NULL,NULL,NULL,NULL,NULL,NULL,NULL,NULL,NULL,NULL,NULL,NULL,NULL,NULL,NULL,NULL,NULL,NULL,NULL,27.0,4.0,0.0,3.0,NULL,NULL,NULL,NULL,NULL,NULL,NULL,NULL,NULL
Nadiem Amiri,TSG 1899 Hoffenheim,Zentrales Mittelfeld,13.0,NULL,NULL,NULL,NULL,NULL,NULL,NULL,NULL,NULL,NULL,NULL,NULL,NULL,NULL,NULL,NULL,NULL,NULL,NULL,NULL,NULL,22.0,2.0,0.0,3.0,NULL,NULL,NULL,NULL,NULL,NULL,NULL,NULL,NULL
Steven Skrzybski,FC Schalke 04,Rechtsaußen,12.0,NULL,NULL,NULL,NULL,NULL,NULL,NULL,NULL,NULL,NULL,NULL,NULL,NULL,NULL,NULL,NULL,NULL,NULL,NULL,NULL,NULL,26.0,1.0,0.0,3.0,NULL,NULL,NULL,NULL,NULL,NULL,NULL,NULL,NULL
Gonçalo Paciência,Eintracht Frankfurt,Mittelstürmer,11.0,NULL,NULL,NULL,NULL,NULL,NULL,NULL,NULL,NULL,NULL,NULL,NULL,NULL,NULL,NULL,NULL,NULL,NULL,NULL,NULL,NULL,24.0,1.0,0.0,3.0,NULL,NULL,NULL,NULL,NULL,NULL,NULL,NULL,NULL
Jonathas,Hannover 96,Mittelstürmer,10.0,NULL,NULL,NULL,NULL,NULL,NULL,NULL,NULL,NULL,NULL,NULL,NULL,NULL,NULL,NULL,NULL,NULL,NULL,NULL,NULL,NULL,30.0,1.0,1.0,3.0,NULL,NULL,NULL,NULL,NULL,NULL,NULL,NULL,NULL
Javi Martínez,FC Bayern München,Defensives Mittelfeld,21.0,NULL,NULL,NULL,NULL,NULL,NULL,NULL,NULL,NULL,NULL,NULL,NULL,NULL,NULL,NULL,NULL,NULL,NULL,NULL,NULL,NULL,30.0,0.0,0.0,3.0,NULL,NULL,NULL,NULL,NULL,NULL,NULL,NULL,NULL
Sergio Córdova,FC Augsburg,Mittelstürmer,20.0,NULL,NULL,NULL,NULL,NULL,NULL,NULL,NULL,NULL,NULL,NULL,NULL,NULL,NULL,NULL,NULL,NULL,NULL,NULL,NULL,NULL,21.0,0.0,0.0,3.0,NULL,NULL,NULL,NULL,NULL,NULL,NULL,NULL,NULL
Jean-Kévin Augustin,RasenBallsport Leipzig,Mittelstürmer,17.0,NULL,NULL,NULL,NULL,NULL,NULL,NULL,NULL,NULL,NULL,NULL,NULL,NULL,NULL,NULL,NULL,NULL,NULL,NULL,NULL,NULL,21.0,0.0,0.0,3.0,NULL,NULL,NULL,NULL,NULL,NULL,NULL,NULL,NULL
Javairô Dilrosun,Hertha BSC,Linksaußen,17.0,NULL,NULL,NULL,NULL,NULL,NULL,NULL,NULL,NULL,NULL,NULL,NULL,NULL,NULL,NULL,NULL,NULL,NULL,NULL,NULL,NULL,20.0,4.0,0.0,2.0,NULL,NULL,NULL,NULL,NULL,NULL,NULL,NULL,NULL
Nicólas González,VfB Stuttgart,Mittelstürmer,30.0,NULL,NULL,NULL,NULL,NULL,NULL,NULL,NULL,NULL,NULL,NULL,NULL,NULL,NULL,NULL,NULL,NULL,NULL,NULL,NULL,NULL,21.0,3.0,0.0,2.0,NULL,NULL,NULL,NULL,NULL,NULL,NULL,NULL,NULL
Matheus Cunha,RasenBallsport Leipzig,Mittelstürmer,25.0,NULL,NULL,NULL,NULL,NULL,NULL,NULL,NULL,NULL,NULL,NULL,NULL,NULL,NULL,NULL,NULL,NULL,NULL,NULL,NULL,NULL,19.0,1.0,0.0,2.0,NULL,NULL,NULL,NULL,NULL,NULL,NULL,NULL,NULL
Joshua Brenet,TSG 1899 Hoffenheim,Rechter Verteidiger,14.0,NULL,NULL,NULL,NULL,NULL,NULL,NULL,NULL,NULL,NULL,NULL,NULL,NULL,NULL,NULL,NULL,NULL,NULL,NULL,NULL,NULL,25.0,1.0,0.0,2.0,NULL,NULL,NULL,NULL,NULL,NULL,NULL,NULL,NULL
Adam Zrelak,1.FC Nürnberg,Mittelstürmer,14.0,NULL,NULL,NULL,NULL,NULL,NULL,NULL,NULL,NULL,NULL,NULL,NULL,NULL,NULL,NULL,NULL,NULL,NULL,NULL,NULL,NULL,24.0,1.0,0.0,2.0,NULL,NULL,NULL,NULL,NULL,NULL,NULL,NULL,NULL
Raffael,Borussia Mönchengladbach,Hängende Spitze,13.0,NULL,NULL,NULL,NULL,NULL,NULL,NULL,NULL,NULL,NULL,NULL,NULL,NULL,NULL,NULL,NULL,NULL,NULL,NULL,NULL,NULL,34.0,1.0,0.0,2.0,NULL,NULL,NULL,NULL,NULL,NULL,NULL,NULL,NULL
Marc Oliver Kempf,VfB Stuttgart,Innenverteidiger,23.0,NULL,NULL,NULL,NULL,NULL,NULL,NULL,NULL,NULL,NULL,NULL,NULL,NULL,NULL,NULL,NULL,NULL,NULL,NULL,NULL,NULL,24.0,0.0,0.0,2.0,NULL,NULL,NULL,NULL,NULL,NULL,NULL,NULL,NULL
Florent Muslija,Hannover 96,Offensives Mittelfeld,17.0,NULL,NULL,NULL,NULL,NULL,NULL,NULL,NULL,NULL,NULL,NULL,NULL,NULL,NULL,NULL,NULL,NULL,NULL,NULL,NULL,NULL,20.0,0.0,0.0,2.0,NULL,NULL,NULL,NULL,NULL,NULL,NULL,NULL,NULL
Ahmed Kutucu,FC Schalke 04,Mittelstürmer,13.0,NULL,NULL,NULL,NULL,NULL,NULL,NULL,NULL,NULL,NULL,NULL,NULL,NULL,NULL,NULL,NULL,NULL,NULL,NULL,NULL,NULL,19.0,0.0,0.0,2.0,NULL,NULL,NULL,NULL,NULL,NULL,NULL,NULL,NULL
Josh Sargent,SV Werder Bremen,Mittelstürmer,10.0,NULL,NULL,NULL,NULL,NULL,NULL,NULL,NULL,NULL,NULL,NULL,NULL,NULL,NULL,NULL,NULL,NULL,NULL,NULL,NULL,NULL,19.0,0.0,0.0,2.0,NULL,NULL,NULL,NULL,NULL,NULL,NULL,NULL,NULL
Roland Sallai,SC Freiburg,Linksaußen,10.0,NULL,NULL,NULL,NULL,NULL,NULL,NULL,NULL,NULL,NULL,NULL,NULL,NULL,NULL,NULL,NULL,NULL,NULL,NULL,NULL,NULL,21.0,0.0,0.0,2.0,NULL,NULL,NULL,NULL,NULL,NULL,NULL,NULL,NULL
Josip Drmic,Borussia Mönchengladbach,Mittelstürmer,5.0,NULL,NULL,NULL,NULL,NULL,NULL,NULL,NULL,NULL,NULL,NULL,NULL,NULL,NULL,NULL,NULL,NULL,NULL,NULL,NULL,NULL,26.0,0.0,0.0,2.0,NULL,NULL,NULL,NULL,NULL,NULL,NULL,NULL,NULL
Takashi Usami,Fortuna Düsseldorf,Linksaußen,19.0,NULL,NULL,NULL,NULL,NULL,NULL,NULL,NULL,NULL,NULL,NULL,NULL,NULL,NULL,NULL,NULL,NULL,NULL,NULL,NULL,NULL,27.0,3.0,0.0,1.0,NULL,NULL,NULL,NULL,NULL,NULL,NULL,NULL,NULL
Yunus Malli,VfL Wolfsburg,Offensives Mittelfeld,21.0,NULL,NULL,NULL,NULL,NULL,NULL,NULL,NULL,NULL,NULL,NULL,NULL,NULL,NULL,NULL,NULL,NULL,NULL,NULL,NULL,NULL,27.0,2.0,1.0,1.0,NULL,NULL,NULL,NULL,NULL,NULL,NULL,NULL,NULL
Erik Thommy,VfB Stuttgart,Linkes Mittelfeld,19.0,NULL,NULL,NULL,NULL,NULL,NULL,NULL,NULL,NULL,NULL,NULL,NULL,NULL,NULL,NULL,NULL,NULL,NULL,NULL,NULL,NULL,24.0,1.0,0.0,1.0,NULL,NULL,NULL,NULL,NULL,NULL,NULL,NULL,NULL
Maximilian Philipp,Borussia Dortmund,Hängende Spitze,18.0,NULL,NULL,NULL,NULL,NULL,NULL,NULL,NULL,NULL,NULL,NULL,NULL,NULL,NULL,NULL,NULL,NULL,NULL,NULL,NULL,NULL,25.0,1.0,0.0,1.0,NULL,NULL,NULL,NULL,NULL,NULL,NULL,NULL,NULL
Renato Sanches,FC Bayern München,Zentrales Mittelfeld,17.0,NULL,NULL,NULL,NULL,NULL,NULL,NULL,NULL,NULL,NULL,NULL,NULL,NULL,NULL,NULL,NULL,NULL,NULL,NULL,NULL,NULL,21.0,1.0,0.0,1.0,NULL,NULL,NULL,NULL,NULL,NULL,NULL,NULL,NULL
Marvin Ducksch,Fortuna Düsseldorf,Mittelstürmer,16.0,NULL,NULL,NULL,NULL,NULL,NULL,NULL,NULL,NULL,NULL,NULL,NULL,NULL,NULL,NULL,NULL,NULL,NULL,NULL,NULL,NULL,25.0,1.0,0.0,1.0,NULL,NULL,NULL,NULL,NULL,NULL,NULL,NULL,NULL
Törles Knöll,1.FC Nürnberg,Mittelstürmer,16.0,NULL,NULL,NULL,NULL,NULL,NULL,NULL,NULL,NULL,NULL,NULL,NULL,NULL,NULL,NULL,NULL,NULL,NULL,NULL,NULL,NULL,21.0,1.0,0.0,1.0,NULL,NULL,NULL,NULL,NULL,NULL,NULL,NULL,NULL
Rafinha,FC Bayern München,Rechter Verteidiger,16.0,NULL,NULL,NULL,NULL,NULL,NULL,NULL,NULL,NULL,NULL,NULL,NULL,NULL,NULL,NULL,NULL,NULL,NULL,NULL,NULL,NULL,33.0,1.0,0.0,1.0,NULL,NULL,NULL,NULL,NULL,NULL,NULL,NULL,NULL
Caiuby,FC Augsburg,Linksaußen,14.0,NULL,NULL,NULL,NULL,NULL,NULL,NULL,NULL,NULL,NULL,NULL,NULL,NULL,NULL,NULL,NULL,NULL,NULL,NULL,NULL,NULL,30.0,1.0,0.0,1.0,NULL,NULL,NULL,NULL,NULL,NULL,NULL,NULL,NULL
Felix Klaus,VfL Wolfsburg,Rechtsaußen,14.0,NULL,NULL,NULL,NULL,NULL,NULL,NULL,NULL,NULL,NULL,NULL,NULL,NULL,NULL,NULL,NULL,NULL,NULL,NULL,NULL,NULL,26.0,1.0,0.0,1.0,NULL,NULL,NULL,NULL,NULL,NULL,NULL,NULL,NULL
Bruma,RasenBallsport Leipzig,Linksaußen,14.0,NULL,NULL,NULL,NULL,NULL,NULL,NULL,NULL,NULL,NULL,NULL,NULL,NULL,NULL,NULL,NULL,NULL,NULL,NULL,NULL,NULL,24.0,1.0,0.0,1.0,NULL,NULL,NULL,NULL,NULL,NULL,NULL,NULL,NULL
Yevhen Konoplianka,FC Schalke 04,Linksaußen,13.0,NULL,NULL,NULL,NULL,NULL,NULL,NULL,NULL,NULL,NULL,NULL,NULL,NULL,NULL,NULL,NULL,NULL,NULL,NULL,NULL,NULL,29.0,1.0,0.0,1.0,NULL,NULL,NULL,NULL,NULL,NULL,NULL,NULL,NULL
Markus Suttner,Fortuna Düsseldorf,Linker Verteidiger,6.0,NULL,NULL,NULL,NULL,NULL,NULL,NULL,NULL,NULL,NULL,NULL,NULL,NULL,NULL,NULL,NULL,NULL,NULL,NULL,NULL,NULL,32.0,1.0,0.0,1.0,NULL,NULL,NULL,NULL,NULL,NULL,NULL,NULL,NULL
Alexandru Maxim,1.FSV Mainz 05,Offensives Mittelfeld,22.0,NULL,NULL,NULL,NULL,NULL,NULL,NULL,NULL,NULL,NULL,NULL,NULL,NULL,NULL,NULL,NULL,NULL,NULL,NULL,NULL,NULL,28.0,0.0,0.0,1.0,NULL,NULL,NULL,NULL,NULL,NULL,NULL,NULL,NULL
Marius Wolf,Borussia Dortmund,Rechtsaußen,16.0,NULL,NULL,NULL,NULL,NULL,NULL,NULL,NULL,NULL,NULL,NULL,NULL,NULL,NULL,NULL,NULL,NULL,NULL,NULL,NULL,NULL,23.0,0.0,0.0,1.0,NULL,NULL,NULL,NULL,NULL,NULL,NULL,NULL,NULL
Mahmoud Dahoud,Borussia Dortmund,Zentrales Mittelfeld,14.0,NULL,NULL,NULL,NULL,NULL,NULL,NULL,NULL,NULL,NULL,NULL,NULL,NULL,NULL,NULL,NULL,NULL,NULL,NULL,NULL,NULL,23.0,0.0,0.0,1.0,NULL,NULL,NULL,NULL,NULL,NULL,NULL,NULL,NULL
Marco Terrazzino,SC Freiburg,Linksaußen,13.0,NULL,NULL,NULL,NULL,NULL,NULL,NULL,NULL,NULL,NULL,NULL,NULL,NULL,NULL,NULL,NULL,NULL,NULL,NULL,NULL,NULL,28.0,0.0,0.0,1.0,NULL,NULL,NULL,NULL,NULL,NULL,NULL,NULL,NULL
Marcel Tisserand,VfL Wolfsburg,Innenverteidiger,10.0,NULL,NULL,NULL,NULL,NULL,NULL,NULL,NULL,NULL,NULL,NULL,NULL,NULL,NULL,NULL,NULL,NULL,NULL,NULL,NULL,NULL,26.0,0.0,0.0,1.0,NULL,NULL,NULL,NULL,NULL,NULL,NULL,NULL,NULL
Amadou Haidara,RasenBallsport Leipzig,Zentrales Mittelfeld,9.0,NULL,NULL,NULL,NULL,NULL,NULL,NULL,NULL,NULL,NULL,NULL,NULL,NULL,NULL,NULL,NULL,NULL,NULL,NULL,NULL,NULL,21.0,0.0,0.0,1.0,NULL,NULL,NULL,NULL,NULL,NULL,NULL,NULL,NULL
Julian Schieber,FC Augsburg,Mittelstürmer,9.0,NULL,NULL,NULL,NULL,NULL,NULL,NULL,NULL,NULL,NULL,NULL,NULL,NULL,NULL,NULL,NULL,NULL,NULL,NULL,NULL,NULL,30.0,0.0,0.0,1.0,NULL,NULL,NULL,NULL,NULL,NULL,NULL,NULL,NULL
Alexander Fuchs,1.FC Nürnberg,Zentrales Mittelfeld,9.0,NULL,NULL,NULL,NULL,NULL,NULL,NULL,NULL,NULL,NULL,NULL,NULL,NULL,NULL,NULL,NULL,NULL,NULL,NULL,NULL,NULL,22.0,0.0,0.0,1.0,NULL,NULL,NULL,NULL,NULL,NULL,NULL,NULL,NULL
Haji Wright,FC Schalke 04,Mittelstürmer,7.0,NULL,NULL,NULL,NULL,NULL,NULL,NULL,NULL,NULL,NULL,NULL,NULL,NULL,NULL,NULL,NULL,NULL,NULL,NULL,NULL,NULL,20.0,0.0,0.0,1.0,NULL,NULL,NULL,NULL,NULL,NULL,NULL,NULL,NULL
Felix Götze,FC Augsburg,Defensives Mittelfeld,6.0,NULL,NULL,NULL,NULL,NULL,NULL,NULL,NULL,NULL,NULL,NULL,NULL,NULL,NULL,NULL,NULL,NULL,NULL,NULL,NULL,NULL,21.0,0.0,0.0,1.0,NULL,NULL,NULL,NULL,NULL,NULL,NULL,NULL,NULL
Alphonso Davies,FC Bayern München,Linksaußen,6.0,NULL,NULL,NULL,NULL,NULL,NULL,NULL,NULL,NULL,NULL,NULL,NULL,NULL,NULL,NULL,NULL,NULL,NULL,NULL,NULL,NULL,18.0,0.0,0.0,1.0,NULL,NULL,NULL,NULL,NULL,NULL,NULL,NULL,NULL
Corentin Tolisso,FC Bayern München,Zentrales Mittelfeld,2.0,NULL,NULL,NULL,NULL,NULL,NULL,NULL,NULL,NULL,NULL,NULL,NULL,NULL,NULL,NULL,NULL,NULL,NULL,NULL,NULL,NULL,24.0,0.0,0.0,1.0,NULL,NULL,NULL,NULL,NULL,NULL,NULL,NULL,NULL
