Name,Verein,Position,Einsatz,SpielMinuten,ShotOnTarget,AbgefangeneBaelle,AbgewehrteElfmeter,GesamteElfmeter,AbgewehrteBaelle,Balleroberungen,BallVerluste,Fouls,CleanSheet,SuccessfulDribblings,TotalDribblings,ErrorGegentor,FlankenGeblockt,GesamteFlanken,GeklaerteBaelle,GrosschancenKreiert,GrossChancenVereitelt,GesamteChancen,GewonneneLuftkaempfe,GesamteLuftkaempfe,Alter,Vorlagen,Elfmetertor,Tore,Paraden,PassCompleted,TotalPass,TotalShots,SuccessfulTackles,TotalTackles,TorschussVorlagen,GewonneneZweikaempfe,GesamteZweikaempfe
"Paco Alcácer","Borussia Dortmund",Stürmer,26,1338,28,NULL,NULL,NULL,NULL,NULL,17,NULL,NULL,6,10,NULL,NULL,NULL,NULL,2,NULL,NULL,12,45,25,0,1,18,NULL,213,288,52,NULL,NULL,15,28,88
"Ishak Belfodil","TSG 1899 Hoffenheim",Stürmer,28,1982,36,NULL,NULL,NULL,NULL,10,51,25,NULL,37,56,NULL,NULL,NULL,13,5,NULL,NULL,48,100,27,5,0,16,NULL,323,459,88,10,25,25,113,253
"Luka Jovic","Eintracht Frankfurt",Stürmer,32,2382,43,NULL,NULL,NULL,NULL,NULL,75,29,NULL,26,56,NULL,NULL,NULL,30,6,NULL,NULL,62,143,21,6,1,17,NULL,426,616,97,5,21,25,141,332
"Florian Niederlechner","SC Freiburg",Stürmer,24,1006,18,NULL,NULL,NULL,NULL,NULL,29,23,NULL,9,24,NULL,NULL,NULL,NULL,NULL,NULL,NULL,14,43,28,1,0,4,NULL,NULL,NULL,31,NULL,NULL,8,48,131
"Andrej Kramaric","TSG 1899 Hoffenheim",Stürmer,30,2548,44,9,NULL,NULL,NULL,NULL,74,7,NULL,28,53,NULL,NULL,NULL,12,7,NULL,NULL,9,29,27,4,5,17,NULL,814,1067,110,4,33,45,65,188
"Serge Gnabry","FC Bayern München","Linke Außenbahn",30,1887,32,11,NULL,NULL,NULL,19,104,25,NULL,51,124,NULL,NULL,NULL,NULL,12,NULL,NULL,7,24,23,7,0,10,NULL,689,846,65,19,59,26,109,276
"Gian-Luca Waldschmidt","SC Freiburg",Stürmer,30,1830,30,15,NULL,NULL,NULL,13,46,33,NULL,20,41,1,NULL,NULL,NULL,4,NULL,NULL,12,43,NULL,NULL,NULL,NULL,NULL,476,609,64,13,37,22,78,204
"Robert Lewandowski","FC Bayern München",Stürmer,33,3129,51,NULL,NULL,NULL,NULL,9,84,25,NULL,51,83,NULL,NULL,NULL,14,14,NULL,NULL,54,130,30,10,3,22,NULL,570,737,144,9,21,38,165,356
James,"FC Bayern München","Offensives Mittelfeld",20,1200,19,NULL,NULL,NULL,NULL,7,23,7,NULL,16,26,NULL,NULL,NULL,NULL,7,NULL,NULL,NULL,NULL,NULL,NULL,NULL,NULL,NULL,806,971,36,7,27,51,46,97
"Alassane Plea","B. Mönchengladbach",Stürmer,34,2640,41,NULL,NULL,NULL,NULL,10,69,34,NULL,23,48,2,NULL,NULL,15,3,NULL,NULL,37,121,26,4,0,12,NULL,448,632,83,10,31,31,107,303
"Timo Werner","RB Leipzig",Stürmer,30,2605,40,NULL,NULL,NULL,NULL,12,100,24,NULL,29,92,NULL,NULL,NULL,NULL,6,NULL,NULL,8,41,23,9,0,16,NULL,610,851,107,12,30,33,91,259
"Milot Rashica","SV Werder Bremen",Stürmer,26,1631,25,NULL,NULL,NULL,NULL,16,89,33,NULL,33,87,1,NULL,NULL,NULL,7,NULL,NULL,8,37,22,5,1,9,NULL,301,509,59,16,39,29,98,263
"Marco Richter","FC Augsburg",Stürmer,25,1510,23,13,NULL,NULL,NULL,8,84,22,NULL,33,75,1,NULL,NULL,NULL,6,NULL,NULL,20,64,21,6,0,4,NULL,316,474,55,8,23,17,91,250
"Kevin Volland","Bayer 04 Leverkusen",Stürmer,34,2983,45,7,NULL,NULL,NULL,19,89,40,NULL,30,62,NULL,NULL,NULL,31,10,NULL,NULL,33,89,26,12,0,14,NULL,672,920,87,19,46,38,146,344
"Dodi Lukebakio","Fortuna Düsseldorf","Rechte Außenbahn",31,2077,31,8,NULL,NULL,NULL,16,97,28,NULL,49,99,NULL,NULL,NULL,17,4,NULL,NULL,22,47,21,4,4,10,NULL,425,585,56,16,30,19,144,301
"Benito Raman","Fortuna Düsseldorf","Rechte Außenbahn",30,1792,26,15,NULL,NULL,NULL,20,83,26,NULL,37,94,NULL,NULL,NULL,NULL,4,NULL,NULL,5,20,24,4,0,10,NULL,307,459,55,20,78,21,94,262
"Marco Reus","Borussia Dortmund","Offensives Mittelfeld",27,2463,34,8,NULL,NULL,NULL,24,76,34,NULL,25,63,NULL,NULL,NULL,31,11,NULL,NULL,19,45,29,11,3,17,NULL,847,1057,70,24,56,37,108,264
"Karim Onisiwo","1. FSV Mainz 05","Rechte Außenbahn",26,1236,17,8,NULL,NULL,NULL,17,46,22,NULL,15,41,NULL,NULL,NULL,NULL,6,NULL,NULL,42,80,27,3,0,7,NULL,151,252,39,17,29,19,113,224
"Kai Havertz","Bayer 04 Leverkusen","Offensives Mittelfeld",34,3075,42,16,NULL,NULL,NULL,17,114,24,NULL,44,88,NULL,NULL,NULL,26,4,NULL,NULL,55,117,19,4,3,17,NULL,1571,1821,87,17,50,34,179,396
"Max Kruse","SV Werder Bremen",Stürmer,32,3018,41,8,NULL,NULL,NULL,NULL,66,23,NULL,38,58,2,NULL,NULL,NULL,8,NULL,NULL,23,60,31,10,3,11,NULL,1330,1786,91,5,46,73,109,265
"Ante Rebic","Eintracht Frankfurt",Stürmer,28,2098,28,9,NULL,NULL,NULL,7,136,47,NULL,45,106,NULL,NULL,NULL,NULL,8,NULL,NULL,37,91,25,4,0,9,NULL,293,543,61,7,27,34,123,366
"Kingsley Coman","FC Bayern München","Linke Außenbahn",21,1441,19,NULL,NULL,NULL,NULL,6,75,17,NULL,58,97,NULL,NULL,NULL,NULL,7,NULL,NULL,12,26,22,5,0,6,NULL,539,678,31,6,24,28,122,240
"Alfred Finnbogason","FC Augsburg",Stürmer,18,1375,18,NULL,NULL,NULL,NULL,NULL,37,34,NULL,12,26,NULL,NULL,NULL,NULL,3,NULL,NULL,23,55,30,2,4,10,NULL,222,326,40,3,16,20,52,163
"Jean-Philippe Mateta","1. FSV Mainz 05",Stürmer,34,2617,34,NULL,NULL,NULL,NULL,9,102,32,NULL,35,74,NULL,NULL,NULL,22,4,NULL,NULL,107,204,21,3,0,14,NULL,322,476,97,9,22,25,185,422
"Lucas Alario","Bayer 04 Leverkusen",Stürmer,27,1375,16,NULL,NULL,NULL,NULL,8,34,23,NULL,5,16,NULL,NULL,NULL,12,NULL,NULL,NULL,38,110,26,3,0,9,NULL,307,412,42,8,24,15,82,218
"Ihlas Bebou","Hannover 96","Rechte Außenbahn",12,1137,13,9,NULL,NULL,NULL,9,52,9,NULL,35,66,NULL,NULL,NULL,NULL,2,NULL,NULL,20,48,25,3,1,4,NULL,292,438,27,9,18,15,90,183
"Wout Weghorst","VfL Wolfsburg",Stürmer,34,3098,35,8,NULL,NULL,NULL,22,60,37,NULL,14,27,NULL,NULL,NULL,32,7,NULL,NULL,114,211,26,7,4,17,NULL,569,819,73,22,57,32,195,415
"Rouwen Hennings","Fortuna Düsseldorf",Stürmer,29,1956,22,NULL,NULL,NULL,NULL,11,23,23,NULL,4,14,NULL,NULL,NULL,19,5,NULL,NULL,52,129,31,5,1,7,NULL,294,450,59,11,25,27,92,225
"Davie Selke","Hertha BSC",Stürmer,30,1869,21,NULL,NULL,NULL,NULL,NULL,61,28,NULL,22,55,NULL,NULL,NULL,NULL,5,NULL,NULL,105,198,24,9,0,3,NULL,276,475,45,NULL,NULL,19,158,345
"Ádám Szalai","TSG 1899 Hoffenheim",Stürmer,30,1787,20,NULL,NULL,NULL,NULL,13,39,33,NULL,10,26,NULL,NULL,NULL,NULL,NULL,NULL,NULL,44,93,31,5,0,6,NULL,302,420,65,13,26,24,97,223
"Vedad Ibisevic","Hertha BSC",Stürmer,28,1878,21,NULL,NULL,NULL,NULL,7,36,38,NULL,13,23,NULL,NULL,NULL,20,NULL,NULL,NULL,71,148,34,3,1,10,NULL,308,435,54,7,21,15,109,267
"Sébastien Haller","Eintracht Frankfurt",Stürmer,29,2353,26,12,NULL,NULL,NULL,11,71,42,NULL,24,48,NULL,NULL,NULL,23,9,NULL,NULL,195,332,24,9,3,15,NULL,501,793,54,11,36,32,285,546
"Nils Petersen","SC Freiburg",Stürmer,24,2087,23,14,NULL,NULL,NULL,21,43,23,NULL,7,21,NULL,NULL,NULL,32,NULL,NULL,NULL,88,255,30,3,1,10,NULL,345,514,50,21,48,19,143,392
"Guido Burgstaller","FC Schalke 04",Stürmer,24,1643,18,NULL,NULL,NULL,NULL,9,62,24,NULL,7,36,NULL,NULL,NULL,NULL,NULL,NULL,NULL,33,96,30,1,0,4,NULL,188,306,45,9,16,8,75,226
"Niclas Füllkrug","Hannover 96",Stürmer,14,1195,13,NULL,NULL,NULL,NULL,NULL,34,20,NULL,5,21,NULL,NULL,NULL,15,NULL,NULL,NULL,64,138,26,1,1,2,NULL,268,388,37,NULL,NULL,13,85,215
"Thomas Müller","FC Bayern München","Rechte Außenbahn",32,2483,27,10,NULL,NULL,NULL,23,30,23,NULL,22,35,NULL,NULL,NULL,13,13,NULL,NULL,48,108,29,12,0,6,NULL,925,1271,63,23,70,55,136,273
"Hendrik Weydandt","Hannover 96",Stürmer,28,1847,20,NULL,NULL,NULL,NULL,12,68,34,NULL,11,42,NULL,NULL,NULL,43,6,NULL,NULL,125,244,23,2,0,6,NULL,251,443,61,12,38,22,181,420
"Emil Forsberg","RB Leipzig","Linke Außenbahn",20,1305,14,NULL,NULL,NULL,NULL,7,46,7,NULL,21,45,NULL,NULL,NULL,NULL,6,NULL,NULL,8,18,27,8,3,4,NULL,405,529,30,7,23,38,65,139
Joelinton,"TSG 1899 Hoffenheim",Stürmer,28,2268,24,14,NULL,NULL,NULL,24,110,56,NULL,41,90,NULL,NULL,NULL,NULL,9,NULL,NULL,61,153,22,7,0,7,NULL,560,707,56,24,57,37,166,439
"Marko Grujic","Hertha BSC","Zentrales Mittelfeld",22,1907,20,29,NULL,NULL,NULL,33,40,44,NULL,29,49,NULL,NULL,NULL,50,NULL,NULL,NULL,69,105,23,1,0,5,NULL,776,956,46,33,70,16,165,308
"Yussuf Poulsen","RB Leipzig",Stürmer,31,2595,27,7,NULL,NULL,NULL,10,110,56,NULL,24,69,NULL,NULL,NULL,27,6,NULL,NULL,143,285,24,4,0,15,NULL,477,790,65,10,42,31,236,560
"Daniel Ginczek","VfL Wolfsburg",Stürmer,24,1373,14,NULL,NULL,NULL,NULL,7,38,14,NULL,13,26,1,NULL,NULL,19,3,NULL,NULL,26,63,28,4,0,6,NULL,203,349,36,7,23,12,62,164
"Leon Goretzka","FC Bayern München","Zentrales Mittelfeld",30,2158,22,26,NULL,NULL,NULL,22,25,28,NULL,14,23,1,NULL,NULL,14,2,NULL,NULL,37,87,24,5,0,8,NULL,1023,1175,56,22,64,16,111,235
"Kevin Möhwald","SV Werder Bremen","Zentrales Mittelfeld",23,984,10,17,NULL,NULL,NULL,10,20,15,NULL,9,18,NULL,NULL,NULL,13,NULL,NULL,NULL,11,26,25,1,0,3,NULL,406,506,20,10,31,9,59,125
"Lucas Höler","SC Freiburg",Stürmer,26,1083,11,NULL,NULL,NULL,NULL,16,49,17,NULL,8,33,2,NULL,NULL,14,NULL,NULL,NULL,14,44,24,0,0,4,NULL,172,261,26,16,32,8,68,173
"Johannes Eggestein","SV Werder Bremen",Stürmer,23,1194,12,NULL,NULL,NULL,NULL,9,63,15,NULL,15,43,NULL,NULL,NULL,NULL,3,NULL,NULL,13,51,21,2,0,4,NULL,231,330,34,9,26,11,55,181
"Mark Uth","FC Schalke 04",Stürmer,20,1507,15,8,NULL,NULL,NULL,11,39,26,NULL,16,40,NULL,NULL,NULL,11,2,NULL,NULL,14,51,27,2,0,2,NULL,275,383,39,11,39,12,74,191
"Anastasios Donis","VfB Stuttgart",Stürmer,24,1017,10,NULL,NULL,NULL,NULL,13,32,21,NULL,17,35,NULL,NULL,NULL,NULL,NULL,NULL,NULL,10,46,22,2,0,5,NULL,NULL,NULL,30,13,21,6,55,146
"Daniel Didavi","VfB Stuttgart","Offensives Mittelfeld",20,1027,10,NULL,NULL,NULL,NULL,15,27,12,NULL,11,17,NULL,NULL,NULL,NULL,2,NULL,NULL,6,21,29,2,0,2,NULL,326,461,24,15,33,28,68,133
"Karim Bellarabi","Bayer 04 Leverkusen","Rechte Außenbahn",19,1131,11,11,NULL,NULL,NULL,7,52,17,NULL,19,43,NULL,NULL,NULL,NULL,6,NULL,NULL,NULL,NULL,28,5,0,5,NULL,335,492,43,7,28,25,46,130
"Christian Pulisic","Borussia Dortmund","Rechte Außenbahn",20,1030,10,NULL,NULL,NULL,NULL,6,91,9,NULL,43,92,NULL,NULL,NULL,NULL,3,NULL,NULL,15,44,20,4,0,4,NULL,399,530,27,6,14,16,95,228
"Michael Gregoritsch","FC Augsburg","Offensives Mittelfeld",32,2633,25,16,NULL,NULL,NULL,12,50,27,NULL,13,35,NULL,NULL,NULL,58,2,NULL,NULL,89,178,25,2,1,6,NULL,655,924,85,12,42,25,150,335
"Breel Embolo","FC Schalke 04",Stürmer,20,1411,13,NULL,NULL,NULL,NULL,17,80,30,NULL,27,70,NULL,NULL,NULL,NULL,6,NULL,NULL,29,77,22,4,0,5,NULL,166,261,26,17,30,16,109,275
"Vincenzo Grifo","SC Freiburg","Linke Außenbahn",23,1868,17,NULL,NULL,NULL,NULL,17,50,13,NULL,34,56,NULL,NULL,NULL,15,2,NULL,NULL,NULL,NULL,26,6,2,7,NULL,700,951,57,17,50,45,90,180
"Mario Götze","Borussia Dortmund","Offensives Mittelfeld",26,1781,16,8,NULL,NULL,NULL,19,74,20,NULL,27,60,1,NULL,NULL,NULL,11,NULL,NULL,8,39,26,7,0,7,NULL,720,900,28,19,47,39,88,233
"Mario Gomez","VfB Stuttgart",Stürmer,31,2344,21,NULL,NULL,NULL,NULL,11,35,32,NULL,8,22,NULL,NULL,NULL,33,4,NULL,NULL,90,174,NULL,NULL,NULL,NULL,NULL,323,492,53,11,30,24,139,299
"Kenan Karaman","Fortuna Düsseldorf","Linke Außenbahn",21,1007,9,NULL,NULL,NULL,NULL,9,28,15,NULL,18,30,NULL,NULL,NULL,NULL,3,NULL,NULL,29,59,25,2,0,3,NULL,197,281,22,9,20,13,76,152
"Julian Brandt","Bayer 04 Leverkusen","Linke Außenbahn",33,2823,25,16,NULL,NULL,NULL,17,101,13,NULL,55,107,1,NULL,NULL,NULL,13,NULL,NULL,27,63,23,14,0,7,NULL,1437,1868,65,17,61,85,131,313
"Mathew Leckie","Hertha BSC","Rechte Außenbahn",18,1017,9,13,NULL,NULL,NULL,13,37,18,NULL,10,28,NULL,NULL,NULL,13,NULL,NULL,NULL,46,66,28,1,0,2,NULL,237,351,22,13,29,12,94,176
"Josip Brekalo","VfL Wolfsburg","Linke Außenbahn",25,1515,13,15,NULL,NULL,NULL,6,63,16,NULL,32,70,1,NULL,NULL,NULL,NULL,NULL,NULL,7,21,20,3,0,3,NULL,424,623,26,6,28,20,75,180
"Raphaël Guerreiro","Borussia Dortmund",Linksverteidiger,23,1633,14,19,NULL,NULL,NULL,12,45,10,NULL,31,53,1,NULL,NULL,NULL,8,NULL,NULL,6,26,25,6,0,2,NULL,956,1161,35,12,36,37,83,168
"Thorgan Hazard","B. Mönchengladbach","Rechte Außenbahn",33,3035,26,27,NULL,NULL,NULL,32,115,26,NULL,70,133,NULL,NULL,NULL,NULL,13,NULL,NULL,21,93,26,11,3,10,NULL,973,1383,77,32,81,71,204,445
"Nicolai Müller","Hannover 96","Rechte Außenbahn",21,1185,10,NULL,NULL,NULL,NULL,11,37,17,NULL,18,31,NULL,NULL,NULL,NULL,NULL,NULL,NULL,4,27,31,0,0,5,NULL,218,317,23,11,41,12,58,150
"Leon Bailey","Bayer 04 Leverkusen","Linke Außenbahn",29,2018,17,16,NULL,NULL,NULL,11,72,17,NULL,50,78,NULL,NULL,NULL,NULL,5,NULL,NULL,13,27,21,2,0,5,NULL,621,948,56,11,29,45,112,227
"Franck Ribéry","FC Bayern München","Linke Außenbahn",25,1308,11,8,NULL,NULL,NULL,8,98,17,NULL,37,89,NULL,NULL,NULL,NULL,3,NULL,NULL,NULL,NULL,36,4,0,6,NULL,602,742,26,8,20,21,71,198
"Jadon Sancho","Borussia Dortmund","Linke Außenbahn",34,2644,22,15,NULL,NULL,NULL,11,140,NULL,NULL,111,192,NULL,NULL,NULL,NULL,11,NULL,NULL,1,19,19,17,0,12,NULL,1148,1433,40,11,40,61,169,352
"Kerem Demirbay","TSG 1899 Hoffenheim","Zentrales Mittelfeld",26,2132,17,24,NULL,NULL,NULL,36,75,46,NULL,57,80,NULL,NULL,NULL,21,14,NULL,NULL,15,38,25,9,0,4,NULL,1096,1417,58,36,95,76,162,344
"Leonardo Bittencourt","TSG 1899 Hoffenheim","Linke Außenbahn",21,1146,9,13,NULL,NULL,NULL,26,30,17,NULL,9,25,NULL,NULL,NULL,NULL,2,NULL,NULL,5,19,25,3,0,1,NULL,354,472,23,26,63,20,83,167
"Yuya Kubo","1. FC Nürnberg",Stürmer,22,1430,11,10,NULL,NULL,NULL,11,54,21,NULL,11,36,NULL,NULL,NULL,NULL,NULL,NULL,NULL,9,32,25,0,0,1,NULL,290,411,29,11,42,9,65,180
"Matheus Pereira","1. FC Nürnberg","Rechte Außenbahn",19,1311,10,13,NULL,NULL,NULL,12,37,28,NULL,40,56,NULL,NULL,NULL,NULL,NULL,NULL,NULL,5,23,22,2,0,3,NULL,343,479,29,12,26,14,109,200
"Steven Zuber","VfB Stuttgart","Linke Außenbahn",22,1706,13,11,NULL,NULL,NULL,12,52,22,NULL,9,25,NULL,NULL,NULL,NULL,3,NULL,NULL,16,42,27,2,1,5,NULL,521,711,48,12,36,17,66,179
"Eduard Löwen","1. FC Nürnberg","Zentrales Mittelfeld",22,1717,13,10,NULL,NULL,NULL,21,77,18,NULL,29,70,NULL,NULL,NULL,18,2,NULL,NULL,17,48,22,3,0,3,NULL,539,726,37,21,52,13,101,247
"Lars Stindl","B. Mönchengladbach",Stürmer,21,1585,12,14,NULL,NULL,NULL,13,28,19,NULL,15,28,NULL,NULL,NULL,12,5,NULL,NULL,20,41,30,3,0,3,NULL,623,758,34,13,32,22,85,163
"Maximilian Arnold","VfL Wolfsburg","Zentrales Mittelfeld",33,3047,23,36,NULL,NULL,NULL,29,35,45,NULL,24,30,1,NULL,NULL,44,7,NULL,NULL,26,69,24,7,0,2,NULL,1110,1465,54,29,86,45,180,339
"Ondrej Duda","Hertha BSC","Offensives Mittelfeld",32,2687,20,15,NULL,NULL,NULL,33,64,77,NULL,37,62,NULL,NULL,NULL,13,8,NULL,NULL,31,83,24,6,0,11,NULL,951,1267,54,33,93,39,167,391
"Robin Quaison","1. FSV Mainz 05",Stürmer,28,2323,17,7,NULL,NULL,NULL,12,88,31,NULL,22,52,NULL,NULL,NULL,NULL,NULL,NULL,NULL,23,94,25,3,0,7,NULL,326,452,50,12,27,18,86,278
"Admir Mehmedi","VfL Wolfsburg",Stürmer,26,1786,13,14,NULL,NULL,NULL,30,49,28,NULL,13,34,NULL,NULL,NULL,NULL,6,NULL,NULL,24,64,28,7,0,6,NULL,563,783,36,30,73,37,121,264
"Bobby Wood","Hannover 96",Stürmer,20,1273,9,NULL,NULL,NULL,NULL,9,73,18,NULL,6,22,NULL,NULL,NULL,NULL,2,NULL,NULL,24,56,26,1,0,3,NULL,227,300,18,9,15,10,55,179
"Salomon Kalou","Hertha BSC","Linke Außenbahn",30,2429,17,NULL,NULL,NULL,NULL,11,89,29,NULL,54,83,NULL,NULL,NULL,22,9,NULL,NULL,38,112,33,3,3,8,NULL,508,708,47,11,35,28,132,338
"Alexander Esswein","VfB Stuttgart","Rechte Außenbahn",17,1303,9,12,NULL,NULL,NULL,11,33,18,NULL,9,25,NULL,NULL,NULL,13,NULL,NULL,NULL,15,43,NULL,NULL,NULL,NULL,NULL,295,452,29,11,32,17,58,152
"Mikael Ishak","1. FC Nürnberg",Stürmer,29,2030,14,NULL,NULL,NULL,NULL,6,32,23,NULL,11,21,NULL,NULL,NULL,11,2,NULL,NULL,32,113,26,4,0,4,NULL,291,421,39,6,22,20,84,233
"Marcel Sabitzer","RB Leipzig","Rechte Außenbahn",30,2492,17,33,NULL,NULL,NULL,28,55,27,NULL,15,28,NULL,NULL,NULL,29,8,NULL,NULL,18,45,25,5,0,4,NULL,836,1218,64,28,73,35,108,239
"André Hahn","FC Augsburg","Rechte Außenbahn",28,2207,15,26,NULL,NULL,NULL,38,59,67,NULL,18,49,NULL,NULL,NULL,28,3,NULL,NULL,56,121,28,5,0,4,NULL,301,559,37,38,92,28,157,374
"Kevin Kampl","RB Leipzig","Zentrales Mittelfeld",27,2212,15,33,NULL,NULL,NULL,24,34,30,NULL,24,32,NULL,NULL,NULL,20,7,NULL,NULL,17,30,28,6,0,2,NULL,1240,1508,34,24,60,45,89,184
"Denis Zakaria","B. Mönchengladbach","Defensives Mittelfeld",31,2088,14,24,NULL,NULL,NULL,21,54,31,NULL,30,62,NULL,NULL,NULL,18,NULL,NULL,NULL,15,35,22,1,0,4,NULL,628,765,36,21,59,16,103,225
"Jacob Bruun Larsen","Borussia Dortmund","Linke Außenbahn",24,1350,9,13,NULL,NULL,NULL,8,46,NULL,NULL,15,41,NULL,NULL,NULL,12,4,NULL,NULL,14,31,20,2,0,2,NULL,412,534,26,8,24,17,52,128
"Florian Neuhaus","B. Mönchengladbach","Zentrales Mittelfeld",32,2164,13,10,NULL,NULL,NULL,15,65,26,NULL,29,59,NULL,NULL,NULL,21,5,NULL,NULL,7,27,22,9,0,3,NULL,734,894,51,15,45,28,98,229
"David Alaba","FC Bayern München",Linksverteidiger,31,2688,16,32,NULL,NULL,NULL,20,31,12,NULL,28,39,NULL,NULL,NULL,30,6,NULL,NULL,24,43,26,3,0,3,NULL,1766,2140,47,20,40,28,94,163
"Adam Zrelák","1. FC Nürnberg",Stürmer,14,1019,6,NULL,NULL,NULL,NULL,10,12,19,NULL,NULL,NULL,NULL,NULL,NULL,12,NULL,NULL,NULL,53,141,NULL,NULL,NULL,NULL,NULL,NULL,NULL,17,10,18,7,74,195
"Pascal Stenzel","SC Freiburg",Rechtsverteidiger,21,1542,9,27,NULL,NULL,NULL,26,NULL,21,NULL,NULL,NULL,1,NULL,NULL,45,3,NULL,NULL,23,40,NULL,NULL,NULL,NULL,NULL,726,898,25,26,60,16,81,143
"Jean-Paul Boëtius","1. FSV Mainz 05","Linke Außenbahn",30,2257,13,35,NULL,NULL,NULL,32,66,52,NULL,30,56,NULL,NULL,NULL,11,9,NULL,NULL,23,55,25,8,0,4,NULL,648,859,46,32,76,29,150,322
"Javier Martínez","FC Bayern München","Defensives Mittelfeld",21,1393,8,29,NULL,NULL,NULL,16,NULL,12,NULL,5,9,NULL,NULL,NULL,12,NULL,NULL,NULL,50,84,NULL,NULL,NULL,NULL,NULL,796,909,18,16,38,6,95,159
"Filip Kostic","Eintracht Frankfurt","Linke Außenbahn",34,3158,18,23,NULL,NULL,NULL,42,83,26,NULL,56,94,NULL,NULL,NULL,36,15,NULL,NULL,43,86,26,11,0,6,NULL,943,1581,62,42,103,45,201,389
"Sebastian Kerk","1. FC Nürnberg","Linke Außenbahn",21,1246,7,NULL,NULL,NULL,NULL,9,20,9,NULL,4,10,1,NULL,NULL,15,3,NULL,NULL,11,19,NULL,NULL,NULL,NULL,NULL,309,483,18,9,34,24,42,95
"Alfredo Morales","Fortuna Düsseldorf","Zentrales Mittelfeld",23,1653,9,25,NULL,NULL,NULL,18,24,43,NULL,3,12,NULL,NULL,NULL,29,2,NULL,NULL,79,156,29,1,0,1,NULL,504,678,19,18,51,7,130,287
"Renato Steffen","VfL Wolfsburg","Rechte Außenbahn",31,1592,8,16,NULL,NULL,NULL,16,28,19,NULL,20,31,NULL,NULL,NULL,13,3,NULL,NULL,19,46,27,1,0,5,NULL,431,577,27,16,34,14,92,172
"Javairo Dilrosun","Hertha BSC","Linke Außenbahn",17,997,5,8,NULL,NULL,NULL,10,31,8,NULL,9,26,NULL,NULL,NULL,NULL,4,NULL,NULL,3,20,NULL,NULL,NULL,NULL,NULL,179,246,11,10,18,12,47,105
"Jérôme Gondorf","SC Freiburg","Zentrales Mittelfeld",25,1404,7,19,NULL,NULL,NULL,19,29,29,NULL,6,17,1,NULL,NULL,21,6,NULL,NULL,18,42,30,2,0,2,NULL,350,513,23,19,47,20,82,173
"Jonas Hofmann","B. Mönchengladbach","Zentrales Mittelfeld",27,2019,10,15,NULL,NULL,NULL,20,46,20,NULL,11,31,NULL,NULL,NULL,13,4,NULL,NULL,7,38,26,5,1,5,NULL,906,1114,36,20,64,33,81,203
"Virgil Misidjan","1. FC Nürnberg","Rechte Außenbahn",23,1624,8,9,NULL,NULL,NULL,13,114,35,NULL,42,112,NULL,NULL,NULL,NULL,NULL,NULL,NULL,17,42,25,2,0,1,NULL,270,396,23,13,43,8,134,328
"Suat Serdar","FC Schalke 04","Zentrales Mittelfeld",26,1831,9,22,NULL,NULL,NULL,34,61,39,NULL,38,63,1,NULL,NULL,NULL,2,NULL,NULL,21,42,22,1,0,2,NULL,316,441,30,34,88,12,139,291
"Nicolás González","VfB Stuttgart",Stürmer,30,2288,11,12,NULL,NULL,NULL,13,75,28,NULL,45,74,NULL,NULL,NULL,25,5,NULL,NULL,113,208,NULL,NULL,NULL,NULL,NULL,370,618,58,13,27,27,225,428
"Weston McKennie","FC Schalke 04","Zentrales Mittelfeld",24,1872,9,35,NULL,NULL,NULL,14,38,33,NULL,16,31,1,NULL,NULL,43,3,NULL,NULL,86,138,20,4,0,1,NULL,488,710,25,14,53,18,145,290
"Philipp Max","FC Augsburg",Linksverteidiger,30,2732,13,22,NULL,NULL,NULL,25,24,12,NULL,10,19,1,NULL,NULL,39,9,NULL,NULL,24,62,25,4,0,4,NULL,841,1244,24,25,52,58,88,178
"Daniel Caligiuri","FC Schalke 04",Rechtsverteidiger,31,2948,14,48,NULL,NULL,NULL,55,88,30,NULL,61,106,1,NULL,NULL,64,6,NULL,NULL,39,77,31,5,4,7,NULL,1098,1638,50,55,154,59,231,445
"Willi Orban","RB Leipzig",Innenverteidiger,24,2167,10,37,NULL,NULL,NULL,26,NULL,27,NULL,NULL,NULL,NULL,NULL,NULL,139,NULL,NULL,NULL,111,181,26,0,0,4,NULL,783,999,27,26,62,NULL,190,301
"Ja-cheol Koo","FC Augsburg","Offensives Mittelfeld",26,1744,8,24,NULL,NULL,NULL,24,51,26,NULL,14,25,NULL,NULL,NULL,18,NULL,NULL,NULL,23,58,30,1,0,2,NULL,505,629,26,24,52,21,108,233
"Pavel Kaderábek","TSG 1899 Hoffenheim",Rechtsverteidiger,29,2689,12,36,NULL,NULL,NULL,20,20,34,NULL,8,16,1,NULL,NULL,62,7,NULL,NULL,52,83,NULL,NULL,NULL,NULL,NULL,1053,1410,28,20,45,39,110,206
"Kevin Danso","FC Augsburg",Innenverteidiger,18,1346,6,19,NULL,NULL,NULL,14,10,16,NULL,NULL,NULL,NULL,NULL,NULL,72,NULL,NULL,NULL,45,74,20,1,0,1,NULL,454,623,11,14,28,NULL,86,144
"Kevin Stöger","Fortuna Düsseldorf","Offensives Mittelfeld",25,2255,10,29,NULL,NULL,NULL,34,42,47,NULL,28,45,1,NULL,NULL,18,11,NULL,NULL,NULL,NULL,25,7,0,1,NULL,1198,1456,33,34,100,54,153,290
"Mike Frantz","SC Freiburg","Zentrales Mittelfeld",31,2302,10,20,NULL,NULL,NULL,25,26,20,NULL,7,17,NULL,NULL,NULL,29,3,NULL,NULL,47,94,32,2,0,2,NULL,502,670,19,25,48,16,123,230
"Amine Harit","FC Schalke 04","Offensives Mittelfeld",18,1152,5,9,NULL,NULL,NULL,8,56,9,NULL,35,52,NULL,NULL,NULL,NULL,NULL,NULL,NULL,7,23,21,2,0,1,NULL,345,434,12,8,30,21,107,201
"Theodor Gebre Selassie","SV Werder Bremen",Rechtsverteidiger,32,3018,13,68,NULL,NULL,NULL,38,38,33,NULL,14,31,NULL,NULL,NULL,87,2,NULL,NULL,101,181,32,3,0,3,NULL,1352,1669,27,38,81,21,199,379
"Maximilian Eggestein","SV Werder Bremen","Zentrales Mittelfeld",34,3267,14,32,NULL,NULL,NULL,44,57,37,NULL,16,40,NULL,NULL,NULL,63,6,NULL,NULL,40,91,22,5,0,5,NULL,1273,1603,45,44,96,43,162,331
"Yuya Osako","SV Werder Bremen",Stürmer,21,1435,6,7,NULL,NULL,NULL,11,49,20,NULL,14,20,NULL,NULL,NULL,NULL,3,NULL,NULL,28,53,29,3,0,3,NULL,360,505,27,11,38,16,86,192
"Jonathan de Guzmán","Eintracht Frankfurt","Zentrales Mittelfeld",28,1678,7,11,NULL,NULL,NULL,24,24,18,NULL,13,20,NULL,NULL,NULL,12,9,NULL,NULL,24,42,31,6,0,3,NULL,688,944,22,24,49,35,88,161
"Thomas Delaney","Borussia Dortmund","Zentrales Mittelfeld",30,2427,10,57,NULL,NULL,NULL,54,21,45,NULL,10,17,NULL,NULL,NULL,43,3,NULL,NULL,54,97,27,6,0,3,NULL,1382,1624,33,54,80,13,157,273
"Marcel Halstenberg","RB Leipzig",Linksverteidiger,28,2556,10,38,NULL,NULL,NULL,43,40,24,NULL,29,44,NULL,NULL,NULL,53,14,NULL,NULL,70,106,27,6,2,3,NULL,1153,1590,23,43,90,55,187,310
"Florian Grillitsch","TSG 1899 Hoffenheim","Zentrales Mittelfeld",30,2571,10,68,NULL,NULL,NULL,48,21,41,NULL,23,33,1,NULL,NULL,52,4,NULL,NULL,46,95,NULL,NULL,NULL,NULL,NULL,1304,1568,32,48,118,27,191,344
"Jérôme Roussillon","VfL Wolfsburg",Linksverteidiger,28,2617,10,31,NULL,NULL,NULL,29,80,20,NULL,48,91,NULL,NULL,NULL,37,4,NULL,NULL,23,51,26,6,0,3,NULL,1020,1361,20,29,54,31,154,291
"Dominik Kohr","Bayer 04 Leverkusen","Zentrales Mittelfeld",18,1065,4,17,NULL,NULL,NULL,28,16,22,NULL,4,9,1,NULL,NULL,15,NULL,NULL,NULL,12,29,NULL,NULL,NULL,NULL,NULL,407,506,15,28,62,6,72,145
"Jonathan Schmid","FC Augsburg","Rechte Außenbahn",28,2687,10,41,NULL,NULL,NULL,22,40,21,NULL,16,36,2,NULL,NULL,59,2,NULL,NULL,29,55,28,7,0,3,NULL,1104,1404,18,22,56,44,110,208
"Danny Latza","1. FSV Mainz 05","Defensives Mittelfeld",24,1929,7,21,NULL,NULL,NULL,23,43,25,NULL,15,34,NULL,NULL,NULL,27,NULL,NULL,NULL,32,63,NULL,NULL,NULL,NULL,NULL,823,1031,39,23,83,20,127,266
"Maximilian Mittelstädt","Hertha BSC",Linksverteidiger,25,1929,7,45,NULL,NULL,NULL,37,41,14,NULL,23,39,NULL,NULL,NULL,51,NULL,NULL,NULL,42,66,22,2,0,1,NULL,650,898,23,37,86,20,147,251
"Nabil Bentaleb","FC Schalke 04","Defensives Mittelfeld",25,1935,7,35,NULL,NULL,NULL,18,23,30,NULL,20,29,NULL,NULL,NULL,17,2,NULL,NULL,38,55,24,1,3,3,NULL,729,945,21,18,49,15,108,191
"Axel Witsel","Borussia Dortmund","Defensives Mittelfeld",33,3093,11,47,NULL,NULL,NULL,33,35,26,NULL,25,35,NULL,NULL,NULL,47,3,NULL,NULL,46,76,30,1,0,4,NULL,2248,2418,36,33,57,15,167,269
"Lars Bender","Bayer 04 Leverkusen",Rechtsverteidiger,20,1428,5,22,NULL,NULL,NULL,30,11,27,NULL,10,16,NULL,NULL,NULL,23,NULL,NULL,NULL,35,71,30,4,0,1,NULL,768,931,16,30,56,13,114,202
"Ozan Kabak","VfB Stuttgart",Innenverteidiger,15,1431,5,23,NULL,NULL,NULL,19,NULL,21,NULL,14,18,1,NULL,NULL,53,NULL,NULL,NULL,54,81,19,0,0,3,NULL,432,561,11,19,43,NULL,113,177
"Kaan Ayhan","Fortuna Düsseldorf",Innenverteidiger,28,2603,9,63,NULL,NULL,NULL,31,NULL,25,NULL,13,18,2,NULL,NULL,114,NULL,NULL,NULL,42,71,24,1,0,4,NULL,1262,1436,23,31,77,6,126,209
"Pierre Kunde","1. FSV Mainz 05","Zentrales Mittelfeld",29,2028,7,26,NULL,NULL,NULL,29,35,23,NULL,23,35,1,NULL,NULL,47,NULL,NULL,NULL,23,43,NULL,NULL,NULL,NULL,NULL,939,1173,30,29,61,16,121,209
"Patrick Herrmann","B. Mönchengladbach","Rechte Außenbahn",24,1184,4,NULL,NULL,NULL,NULL,14,21,16,NULL,12,25,NULL,NULL,NULL,11,5,NULL,NULL,8,26,28,2,0,3,NULL,393,527,19,14,31,24,50,114
"Daniel Baier","FC Augsburg","Defensives Mittelfeld",33,2980,10,61,NULL,NULL,NULL,40,38,51,NULL,14,26,2,NULL,NULL,48,NULL,NULL,NULL,29,72,NULL,NULL,NULL,NULL,NULL,1225,1617,26,40,103,19,155,319
"Davy Klaassen","SV Werder Bremen","Zentrales Mittelfeld",33,2985,10,48,NULL,NULL,NULL,46,35,48,NULL,15,29,NULL,NULL,NULL,41,6,NULL,NULL,33,97,26,5,0,5,NULL,913,1244,32,46,98,36,135,312
"Elvis Rexhbecaj","VfL Wolfsburg","Defensives Mittelfeld",24,1225,4,13,NULL,NULL,NULL,16,29,12,NULL,9,18,NULL,NULL,NULL,16,2,NULL,NULL,19,41,21,2,0,2,NULL,289,416,10,16,37,8,87,160
"Hanno Behrens","1. FC Nürnberg","Zentrales Mittelfeld",30,2795,9,34,NULL,NULL,NULL,27,23,39,NULL,8,16,NULL,NULL,NULL,46,2,NULL,NULL,96,230,29,3,2,4,NULL,617,912,39,27,71,21,172,390
"Matthias Ginter","B. Mönchengladbach",Innenverteidiger,27,2522,8,19,NULL,NULL,NULL,14,NULL,12,NULL,NULL,NULL,1,NULL,NULL,97,NULL,NULL,NULL,67,111,25,0,0,2,NULL,1535,1781,23,14,33,7,108,181
Thiago,"FC Bayern München","Zentrales Mittelfeld",30,2544,8,44,NULL,NULL,NULL,67,40,52,NULL,54,66,1,NULL,NULL,18,5,NULL,NULL,34,73,28,6,0,2,NULL,2316,2576,23,67,112,38,211,357
"Marvin Bakalorz","Hannover 96","Zentrales Mittelfeld",25,1590,5,27,NULL,NULL,NULL,10,36,22,NULL,10,28,NULL,NULL,NULL,45,NULL,NULL,NULL,30,54,29,1,0,1,NULL,300,403,12,10,47,8,82,192
"Mitchell Weiser","Bayer 04 Leverkusen",Rechtsverteidiger,30,2256,7,27,NULL,NULL,NULL,37,64,32,NULL,27,61,NULL,NULL,NULL,39,4,NULL,NULL,21,66,25,4,0,1,NULL,1267,1596,13,37,87,28,148,311
"Genki Haraguchi","Hannover 96","Linke Außenbahn",28,2285,7,21,NULL,NULL,NULL,28,68,33,NULL,45,85,NULL,NULL,NULL,23,4,NULL,NULL,26,57,NULL,NULL,NULL,NULL,NULL,657,861,32,28,95,26,150,329
"Yannick Gerhardt","VfL Wolfsburg","Zentrales Mittelfeld",30,2612,8,29,NULL,NULL,NULL,35,55,28,NULL,10,30,NULL,NULL,NULL,31,5,NULL,NULL,22,64,25,6,0,2,NULL,770,1020,36,35,80,20,125,276
"Ridle Baku","1. FSV Mainz 05","Zentrales Mittelfeld",15,997,3,8,NULL,NULL,NULL,8,22,9,NULL,7,20,NULL,NULL,NULL,NULL,NULL,NULL,NULL,9,18,NULL,NULL,NULL,NULL,NULL,366,449,11,8,22,6,46,91
"Josuha Guilavogui","VfL Wolfsburg","Defensives Mittelfeld",19,1666,5,44,NULL,NULL,NULL,15,NULL,24,NULL,8,10,3,NULL,NULL,55,NULL,NULL,NULL,29,49,28,1,0,2,NULL,654,804,NULL,15,41,8,75,137
"Nico Schulz","TSG 1899 Hoffenheim",Linksverteidiger,30,2711,8,25,NULL,NULL,NULL,20,86,30,NULL,51,115,NULL,NULL,NULL,29,13,NULL,NULL,9,27,26,6,0,1,NULL,1166,1555,30,20,54,60,114,268
"Christian Gentner","VfB Stuttgart","Zentrales Mittelfeld",29,2122,6,29,NULL,NULL,NULL,41,30,30,NULL,10,23,1,NULL,NULL,36,4,NULL,NULL,36,68,NULL,NULL,NULL,NULL,NULL,714,1015,30,41,94,16,137,260
Walace,"Hannover 96","Defensives Mittelfeld",26,2138,6,46,NULL,NULL,NULL,22,53,31,NULL,23,44,1,NULL,NULL,36,NULL,NULL,NULL,54,92,24,1,0,1,NULL,914,1076,19,22,83,12,152,308
"Lukas Klostermann","RB Leipzig",Rechtsverteidiger,26,2141,6,29,NULL,NULL,NULL,29,18,17,NULL,7,17,NULL,NULL,NULL,62,NULL,NULL,NULL,43,70,22,1,0,5,NULL,753,1019,13,29,66,18,111,189
"Joshua Kimmich","FC Bayern München",Rechtsverteidiger,34,3247,9,37,NULL,NULL,NULL,27,54,27,NULL,38,67,2,NULL,NULL,33,20,NULL,NULL,24,46,24,14,0,2,NULL,2580,3012,25,27,74,81,159,290
"Alessandro Schöpf","FC Schalke 04","Offensives Mittelfeld",15,1093,3,9,NULL,NULL,NULL,17,37,28,NULL,16,32,NULL,NULL,NULL,NULL,2,NULL,NULL,NULL,NULL,24,1,0,1,NULL,380,476,18,17,42,14,54,146
"Arne Maier","Hertha BSC","Defensives Mittelfeld",24,2187,6,29,NULL,NULL,NULL,16,27,18,NULL,22,36,NULL,NULL,NULL,33,NULL,NULL,NULL,21,40,NULL,NULL,NULL,NULL,NULL,1027,1189,20,16,50,17,89,170
"Valentino Lazaro","Hertha BSC","Rechte Außenbahn",31,2918,8,44,NULL,NULL,NULL,33,65,23,NULL,34,74,NULL,NULL,NULL,54,12,NULL,NULL,20,65,23,7,0,3,NULL,1175,1621,20,33,78,53,128,293
"Oliver Fink","Fortuna Düsseldorf","Zentrales Mittelfeld",18,1118,3,13,NULL,NULL,NULL,23,32,25,NULL,9,19,NULL,NULL,NULL,19,NULL,NULL,NULL,69,147,36,0,0,3,NULL,232,397,12,23,63,NULL,135,293
"Achraf Hakimi","Borussia Dortmund",Rechtsverteidiger,21,1871,5,28,NULL,NULL,NULL,19,56,14,NULL,39,67,2,NULL,NULL,39,4,NULL,NULL,14,32,20,4,0,2,NULL,1340,1574,20,19,53,12,123,229
"Mats Hummels","FC Bayern München",Innenverteidiger,21,1873,5,36,NULL,NULL,NULL,17,NULL,10,NULL,9,11,1,NULL,NULL,48,2,NULL,NULL,83,121,30,1,0,1,NULL,1559,1741,19,17,42,13,128,195
"Ermin Bicakcic","TSG 1899 Hoffenheim",Innenverteidiger,25,1920,5,61,NULL,NULL,NULL,19,NULL,18,NULL,NULL,NULL,1,NULL,NULL,76,NULL,NULL,NULL,53,84,29,2,0,1,NULL,1031,1171,10,19,41,NULL,101,167
"Christian Günter","SC Freiburg",Linksverteidiger,32,3082,8,14,NULL,NULL,NULL,27,70,28,NULL,39,88,NULL,NULL,NULL,38,8,NULL,NULL,10,36,NULL,NULL,NULL,NULL,NULL,1061,1468,29,27,61,47,112,256
"Daniel Brosinski","1. FSV Mainz 05",Rechtsverteidiger,26,2343,6,30,NULL,NULL,NULL,16,27,13,NULL,6,22,NULL,NULL,NULL,44,6,NULL,NULL,19,49,30,6,3,3,NULL,946,1343,18,16,42,40,65,149
"Konrad Laimer","RB Leipzig","Zentrales Mittelfeld",29,1972,5,31,NULL,NULL,NULL,39,67,40,NULL,31,58,NULL,NULL,NULL,19,5,NULL,NULL,20,49,21,1,0,1,NULL,578,817,14,39,123,19,136,324
"Niko Gießelmann","Fortuna Düsseldorf",Linksverteidiger,30,2764,7,36,NULL,NULL,NULL,37,23,26,NULL,11,25,1,NULL,NULL,62,5,NULL,NULL,50,81,NULL,NULL,NULL,NULL,NULL,996,1368,26,37,89,26,153,264
"Charles Aránguiz","Bayer 04 Leverkusen","Zentrales Mittelfeld",24,1994,5,25,NULL,NULL,NULL,29,35,27,NULL,9,17,1,NULL,NULL,25,4,NULL,NULL,12,23,30,7,0,2,NULL,1455,1652,23,29,93,28,99,217
"Niklas Stark","Hertha BSC",Innenverteidiger,22,1996,5,35,NULL,NULL,NULL,19,NULL,20,NULL,NULL,NULL,2,NULL,NULL,133,NULL,NULL,NULL,54,87,24,0,0,1,NULL,869,1036,12,19,48,NULL,110,182
"Christoph Kramer","B. Mönchengladbach","Defensives Mittelfeld",18,1207,3,20,NULL,NULL,NULL,22,23,24,NULL,9,16,NULL,NULL,NULL,22,2,NULL,NULL,15,42,28,1,0,2,NULL,651,736,8,22,66,8,79,178
"Tin Jedvaj","Bayer 04 Leverkusen",Innenverteidiger,16,1208,3,22,NULL,NULL,NULL,15,15,13,NULL,7,14,NULL,NULL,NULL,50,NULL,NULL,NULL,23,41,NULL,NULL,NULL,NULL,NULL,564,714,9,15,31,NULL,60,115
Wendell,"Bayer 04 Leverkusen",Linksverteidiger,28,2426,6,28,NULL,NULL,NULL,48,14,36,NULL,7,16,NULL,NULL,NULL,57,3,NULL,NULL,41,82,25,2,1,2,NULL,1616,1918,11,48,98,16,135,250
"Jean-Philippe Gbamin","1. FSV Mainz 05","Defensives Mittelfeld",31,2840,7,31,NULL,NULL,NULL,33,88,38,NULL,34,72,NULL,NULL,NULL,32,2,NULL,NULL,53,89,23,1,0,2,NULL,1082,1366,35,33,83,20,172,360
William,"VfL Wolfsburg",Rechtsverteidiger,31,2864,7,86,NULL,NULL,NULL,57,47,37,NULL,27,53,3,NULL,NULL,114,3,NULL,NULL,49,86,24,3,0,2,NULL,1308,1780,25,57,121,40,177,335
"Martin Hinteregger","Eintracht Frankfurt",Innenverteidiger,32,2904,7,39,NULL,NULL,NULL,61,17,27,NULL,7,14,NULL,NULL,NULL,115,NULL,NULL,NULL,105,164,26,0,0,3,NULL,1078,1448,29,61,108,9,217,345
"Santiago Ascacibar","VfB Stuttgart","Defensives Mittelfeld",27,2574,6,45,NULL,NULL,NULL,50,25,24,NULL,13,20,1,NULL,NULL,29,NULL,NULL,NULL,28,67,NULL,NULL,NULL,NULL,NULL,885,1102,20,50,116,12,152,275
"Nicolas Höfler","SC Freiburg","Defensives Mittelfeld",18,1719,4,30,NULL,NULL,NULL,22,23,26,NULL,10,19,NULL,NULL,NULL,38,NULL,NULL,NULL,23,45,NULL,NULL,NULL,NULL,NULL,760,882,12,22,67,11,103,192
"Nordi Mukiele","RB Leipzig",Rechtsverteidiger,19,1300,3,24,NULL,NULL,NULL,21,26,19,NULL,19,32,NULL,NULL,NULL,34,3,NULL,NULL,36,64,21,1,0,1,NULL,517,717,8,21,39,11,113,188
"Ondrej Petrák","1. FC Nürnberg","Defensives Mittelfeld",22,1737,4,42,NULL,NULL,NULL,27,15,29,NULL,NULL,NULL,NULL,NULL,NULL,20,NULL,NULL,NULL,43,55,NULL,NULL,NULL,NULL,NULL,607,711,14,27,49,6,103,169
"Michael Lang","B. Mönchengladbach",Rechtsverteidiger,17,1319,3,17,NULL,NULL,NULL,10,11,10,NULL,2,12,1,NULL,NULL,37,NULL,NULL,NULL,17,30,28,0,0,1,NULL,646,801,11,10,24,NULL,41,84
"Emiliano Insúa","VfB Stuttgart",Linksverteidiger,27,2219,5,32,NULL,NULL,NULL,35,45,18,NULL,34,60,1,NULL,NULL,45,6,NULL,NULL,22,51,30,2,0,2,NULL,991,1347,8,35,68,27,118,223
"Miiko Albornoz","Hannover 96",Linksverteidiger,22,1779,4,16,NULL,NULL,NULL,26,39,34,NULL,8,29,1,NULL,NULL,31,3,NULL,NULL,8,31,28,3,0,1,NULL,716,958,11,26,71,17,97,218
"Dan-Axel Zagadou","Borussia Dortmund",Innenverteidiger,17,1361,3,25,NULL,NULL,NULL,10,NULL,13,NULL,12,12,2,NULL,NULL,69,NULL,NULL,NULL,48,69,19,0,0,2,NULL,918,1046,10,10,14,NULL,76,115
"John Anthony Brooks","VfL Wolfsburg",Innenverteidiger,29,2798,6,40,NULL,NULL,NULL,15,12,14,NULL,NULL,NULL,1,NULL,NULL,131,NULL,NULL,NULL,74,102,26,3,0,3,NULL,1490,1738,19,15,44,NULL,120,188
"Lukasz Piszczek","Borussia Dortmund",Rechtsverteidiger,20,1876,4,42,NULL,NULL,NULL,36,24,16,NULL,8,25,NULL,NULL,NULL,59,3,NULL,NULL,59,90,33,6,0,1,NULL,1079,1330,12,36,74,20,134,222
"Niklas Süle","FC Bayern München",Innenverteidiger,31,2831,6,42,NULL,NULL,NULL,23,NULL,17,NULL,NULL,NULL,NULL,NULL,NULL,82,NULL,NULL,NULL,80,104,23,0,0,2,NULL,2385,2566,20,23,35,6,117,171
"Aleksandar Dragovic","Bayer 04 Leverkusen",Innenverteidiger,18,1443,3,26,NULL,NULL,NULL,11,NULL,11,NULL,NULL,NULL,NULL,NULL,NULL,63,NULL,NULL,NULL,28,55,28,0,0,2,NULL,978,1087,NULL,11,21,NULL,51,93
"Linton Maina","Hannover 96","Linke Außenbahn",20,1460,3,14,NULL,NULL,NULL,17,45,9,NULL,19,47,NULL,NULL,NULL,NULL,4,NULL,NULL,2,20,19,3,0,1,NULL,371,501,21,17,41,16,64,148
"Jean Zimmer","Fortuna Düsseldorf",Rechtsverteidiger,18,1505,3,13,NULL,NULL,NULL,10,35,10,NULL,7,29,1,NULL,NULL,25,3,NULL,NULL,NULL,NULL,25,2,0,1,NULL,416,601,9,10,25,32,50,110
"Nuri Sahin","SV Werder Bremen","Defensives Mittelfeld",20,1545,3,36,NULL,NULL,NULL,33,16,28,NULL,8,12,NULL,NULL,NULL,39,NULL,NULL,NULL,28,54,30,1,0,1,NULL,936,1117,12,33,93,16,103,206
"Matija Nastasic","FC Schalke 04",Innenverteidiger,28,2636,5,38,NULL,NULL,NULL,24,NULL,17,NULL,NULL,NULL,1,NULL,NULL,113,NULL,NULL,NULL,64,99,26,0,0,1,NULL,1020,1240,21,24,47,NULL,109,170
"Sven Bender","Bayer 04 Leverkusen",Innenverteidiger,27,2123,4,51,NULL,NULL,NULL,25,NULL,21,NULL,NULL,NULL,NULL,NULL,NULL,95,NULL,NULL,NULL,74,121,NULL,NULL,NULL,NULL,NULL,1517,1671,15,25,53,NULL,132,215
"Ludwig Augustinsson","SV Werder Bremen",Linksverteidiger,34,3237,6,36,NULL,NULL,NULL,31,34,41,NULL,11,31,2,NULL,NULL,72,3,NULL,NULL,63,130,25,5,0,1,NULL,1546,1967,22,31,67,26,154,308
"Danny da Costa","Eintracht Frankfurt",Rechtsverteidiger,34,3253,6,30,NULL,NULL,NULL,36,77,33,NULL,29,83,NULL,NULL,NULL,55,9,NULL,NULL,50,100,25,4,0,2,NULL,847,1339,20,36,86,33,161,342
"Georg Margreitter","1. FC Nürnberg",Innenverteidiger,27,2206,4,28,NULL,NULL,NULL,24,10,10,NULL,7,10,NULL,NULL,NULL,137,NULL,NULL,NULL,59,94,30,0,0,2,NULL,990,1214,16,24,46,NULL,120,180
"Benjamin Pavard","VfB Stuttgart",Innenverteidiger,29,2759,5,52,NULL,NULL,NULL,20,10,19,NULL,7,13,2,NULL,NULL,185,NULL,NULL,NULL,80,138,NULL,NULL,NULL,NULL,NULL,1275,1515,13,20,37,10,131,225
"Rani Khedira","FC Augsburg","Defensives Mittelfeld",30,2800,5,82,NULL,NULL,NULL,39,14,47,NULL,NULL,NULL,1,NULL,NULL,91,NULL,NULL,NULL,61,118,25,1,0,4,NULL,1023,1252,14,39,73,7,142,275
"Oscar Wendt","B. Mönchengladbach",Linksverteidiger,32,2908,5,21,NULL,NULL,NULL,34,16,25,NULL,7,17,NULL,NULL,NULL,62,3,NULL,NULL,25,60,33,1,0,1,NULL,1475,1856,8,34,67,27,95,190
"Tim Leibold","1. FC Nürnberg",Linksverteidiger,32,2934,5,41,NULL,NULL,NULL,42,49,31,NULL,24,55,NULL,NULL,NULL,50,5,NULL,NULL,34,60,NULL,NULL,NULL,NULL,NULL,1229,1588,28,42,97,37,161,303
"Gonzalo Castro","VfB Stuttgart","Zentrales Mittelfeld",25,1786,3,30,NULL,NULL,NULL,30,27,28,NULL,6,13,1,NULL,NULL,20,3,NULL,NULL,12,36,31,4,0,2,NULL,664,906,13,30,73,29,83,182
"Robin Knoche","VfL Wolfsburg",Innenverteidiger,32,2986,5,42,NULL,NULL,NULL,20,NULL,13,NULL,7,9,2,NULL,NULL,135,NULL,NULL,NULL,77,136,26,0,0,3,NULL,1752,2040,14,20,39,NULL,127,217
"Stefan Bell","1. FSV Mainz 05",Innenverteidiger,25,2396,4,55,NULL,NULL,NULL,20,14,41,NULL,15,19,1,NULL,NULL,123,NULL,NULL,NULL,94,133,NULL,NULL,NULL,NULL,NULL,957,1209,18,20,48,21,152,264
"Jérôme Boateng","FC Bayern München",Innenverteidiger,20,1798,3,25,NULL,NULL,NULL,15,NULL,15,NULL,NULL,NULL,NULL,NULL,NULL,49,2,NULL,NULL,30,36,NULL,NULL,NULL,NULL,NULL,1428,1609,14,15,32,11,61,91
Aarón,"1. FSV Mainz 05",Linksverteidiger,33,3069,5,40,NULL,NULL,NULL,31,39,29,NULL,45,61,1,NULL,NULL,58,6,NULL,NULL,23,59,NULL,NULL,NULL,NULL,NULL,1289,1732,18,31,73,62,151,272
"Janik Haberer","SC Freiburg","Offensives Mittelfeld",27,2497,4,37,NULL,NULL,NULL,47,58,46,NULL,22,38,NULL,NULL,NULL,49,4,NULL,NULL,52,106,25,4,0,1,NULL,841,1074,26,47,109,45,189,386
"Abdou Diallo","Borussia Dortmund",Innenverteidiger,28,2554,4,27,NULL,NULL,NULL,21,34,21,NULL,40,58,1,NULL,NULL,85,NULL,NULL,NULL,51,90,23,1,0,1,NULL,1731,1957,10,21,41,10,140,238
"Ibrahima Konaté","RB Leipzig",Innenverteidiger,28,2581,4,58,NULL,NULL,NULL,32,14,37,NULL,22,26,NULL,NULL,NULL,121,NULL,NULL,NULL,97,135,19,1,0,1,NULL,789,1037,12,32,56,NULL,189,289
"Waldemar Anton","Hannover 96",Innenverteidiger,34,3278,5,69,NULL,NULL,NULL,31,27,25,NULL,17,30,2,NULL,NULL,164,NULL,NULL,NULL,83,157,22,0,0,1,NULL,1443,1730,24,31,75,NULL,167,319
"Milos Veljkovic","SV Werder Bremen",Innenverteidiger,23,2010,3,32,NULL,NULL,NULL,23,NULL,21,NULL,NULL,NULL,NULL,NULL,NULL,105,NULL,NULL,NULL,50,95,23,0,0,1,NULL,1047,1240,9,23,48,NULL,92,174
"Diego Demme","RB Leipzig","Defensives Mittelfeld",26,2155,3,30,NULL,NULL,NULL,49,26,37,NULL,9,18,NULL,NULL,NULL,16,3,NULL,NULL,26,50,NULL,NULL,NULL,NULL,NULL,1215,1524,10,49,109,25,162,278
"Jonathan Tah","Bayer 04 Leverkusen",Innenverteidiger,33,3130,4,46,NULL,NULL,NULL,30,15,16,NULL,17,20,1,NULL,NULL,137,NULL,NULL,NULL,76,109,23,1,0,3,NULL,2237,2493,12,30,58,6,150,229
"Gelson Fernandes","Eintracht Frankfurt","Defensives Mittelfeld",28,2348,3,50,NULL,NULL,NULL,48,20,56,NULL,5,11,NULL,NULL,NULL,16,NULL,NULL,NULL,34,82,32,0,0,1,NULL,705,846,NULL,48,112,NULL,117,281
"Manuel Akanji","Borussia Dortmund",Innenverteidiger,25,2371,3,29,NULL,NULL,NULL,20,11,13,NULL,8,12,2,NULL,NULL,87,NULL,NULL,NULL,45,82,23,0,0,1,NULL,1722,1852,NULL,20,41,6,100,171
"Matthias Zimmermann","Fortuna Düsseldorf",Rechtsverteidiger,34,3243,4,71,NULL,NULL,NULL,63,29,49,NULL,19,35,2,NULL,NULL,79,5,NULL,NULL,33,69,26,3,0,1,NULL,1231,1643,15,63,141,20,177,334
"Dominique Heintz","SC Freiburg",Innenverteidiger,34,3266,4,46,NULL,NULL,NULL,23,17,30,NULL,21,28,NULL,NULL,NULL,210,NULL,NULL,NULL,59,110,25,1,0,1,NULL,1358,1662,10,23,59,7,135,247
"Nico Elvedi","B. Mönchengladbach",Innenverteidiger,30,2776,3,49,NULL,NULL,NULL,19,NULL,17,NULL,9,11,6,NULL,NULL,130,NULL,NULL,NULL,80,134,22,1,0,2,NULL,1928,2081,14,19,52,NULL,145,232
"Salif Sané","FC Schalke 04",Innenverteidiger,30,2824,3,67,NULL,NULL,NULL,38,NULL,27,NULL,13,15,3,NULL,NULL,143,NULL,NULL,NULL,118,153,28,0,0,2,NULL,1280,1541,19,38,72,NULL,217,307
"Lukas Mühl","1. FC Nürnberg",Innenverteidiger,31,2972,3,53,NULL,NULL,NULL,35,NULL,25,NULL,NULL,NULL,1,NULL,NULL,131,NULL,NULL,NULL,46,93,22,0,0,1,NULL,1225,1459,13,35,76,NULL,117,213
"Moussa Niakhaté","1. FSV Mainz 05",Innenverteidiger,33,2975,3,46,NULL,NULL,NULL,31,NULL,36,NULL,8,10,1,NULL,NULL,134,NULL,NULL,NULL,72,118,23,1,0,1,NULL,1261,1533,10,31,63,7,149,249
"Alexander Hack","1. FSV Mainz 05",Innenverteidiger,14,1084,NULL,41,NULL,NULL,NULL,12,NULL,13,NULL,8,10,2,NULL,NULL,58,NULL,NULL,NULL,43,74,25,1,0,1,NULL,420,556,11,12,37,NULL,87,141
Felipe,"Hannover 96",Innenverteidiger,17,1173,NULL,37,NULL,NULL,NULL,15,NULL,17,NULL,NULL,NULL,NULL,NULL,NULL,70,NULL,NULL,NULL,30,55,31,0,0,2,NULL,370,497,10,15,30,NULL,72,124
"Philipp Bargfrede","SV Werder Bremen","Defensives Mittelfeld",15,1128,NULL,35,NULL,NULL,NULL,16,10,25,NULL,NULL,NULL,1,NULL,NULL,43,NULL,NULL,NULL,27,44,NULL,NULL,NULL,NULL,NULL,454,556,NULL,16,40,NULL,70,137
"Oliver Sorg","Hannover 96",Rechtsverteidiger,19,1679,NULL,45,NULL,NULL,NULL,29,NULL,11,NULL,9,14,NULL,NULL,NULL,43,NULL,NULL,NULL,10,34,NULL,NULL,NULL,NULL,NULL,618,835,NULL,29,66,6,92,156
"Jeffrey Gouweleeuw","FC Augsburg",Innenverteidiger,25,2243,NULL,60,NULL,NULL,NULL,33,23,21,NULL,10,22,1,NULL,NULL,65,2,NULL,NULL,44,82,NULL,NULL,NULL,NULL,NULL,931,1213,NULL,33,56,7,105,200
"Tony Jantschke","B. Mönchengladbach",Rechtsverteidiger,14,993,NULL,26,NULL,NULL,NULL,9,NULL,NULL,NULL,NULL,NULL,1,NULL,NULL,48,NULL,NULL,NULL,29,51,NULL,NULL,NULL,NULL,NULL,724,805,NULL,9,16,NULL,57,89
"Marcel Sobottka","Fortuna Düsseldorf","Defensives Mittelfeld",14,1004,NULL,26,NULL,NULL,NULL,19,10,26,NULL,NULL,NULL,NULL,NULL,NULL,14,NULL,NULL,NULL,21,48,NULL,NULL,NULL,NULL,NULL,268,337,NULL,19,39,NULL,64,136
"D. Upamecano","RB Leipzig",Innenverteidiger,15,1369,NULL,35,NULL,NULL,NULL,15,10,17,NULL,8,9,NULL,NULL,NULL,43,NULL,NULL,NULL,45,67,NULL,NULL,NULL,NULL,NULL,616,744,10,15,24,NULL,78,130
"Lukas Kübler","SC Freiburg",Rechtsverteidiger,16,1264,NULL,32,NULL,NULL,NULL,22,NULL,16,NULL,6,10,1,NULL,NULL,43,3,NULL,NULL,22,45,NULL,NULL,NULL,NULL,NULL,381,556,NULL,22,43,7,83,139
"Jordan Torunarigha","Hertha BSC",Innenverteidiger,14,1233,NULL,30,NULL,NULL,NULL,28,13,26,NULL,NULL,NULL,NULL,NULL,NULL,54,2,NULL,NULL,37,53,21,2,0,2,NULL,391,496,NULL,28,43,NULL,76,142
"Kevin Wimmer","Hannover 96",Innenverteidiger,22,1820,NULL,43,NULL,NULL,NULL,17,NULL,20,NULL,NULL,NULL,NULL,NULL,NULL,58,NULL,NULL,NULL,28,51,NULL,NULL,NULL,NULL,NULL,844,1046,NULL,17,37,7,59,116
"Marc-Oliver Kempf","VfB Stuttgart",Innenverteidiger,23,2148,NULL,47,NULL,NULL,NULL,18,NULL,24,NULL,NULL,NULL,1,NULL,NULL,131,NULL,NULL,NULL,107,172,NULL,NULL,NULL,NULL,NULL,835,1032,14,18,45,7,170,280
"Omar Mascarell","FC Schalke 04","Defensives Mittelfeld",14,1073,NULL,23,NULL,NULL,NULL,10,10,13,NULL,NULL,NULL,NULL,NULL,NULL,NULL,NULL,NULL,NULL,12,23,NULL,NULL,NULL,NULL,NULL,397,473,NULL,10,34,NULL,41,88
"Julian Korb","Hannover 96",Rechtsverteidiger,12,1070,NULL,22,NULL,NULL,NULL,18,12,15,NULL,4,13,1,NULL,NULL,30,NULL,NULL,NULL,7,19,NULL,NULL,NULL,NULL,NULL,383,543,NULL,18,44,10,40,97
"Per Skjelbred","Hertha BSC","Defensives Mittelfeld",16,1059,NULL,20,NULL,NULL,NULL,17,12,15,NULL,8,9,NULL,NULL,NULL,13,NULL,NULL,NULL,12,23,NULL,NULL,NULL,NULL,NULL,496,578,NULL,17,43,8,56,110
"Stefan Ilsanker","RB Leipzig","Defensives Mittelfeld",19,1010,NULL,19,NULL,NULL,NULL,16,NULL,20,NULL,NULL,NULL,1,NULL,NULL,41,NULL,NULL,NULL,34,54,NULL,NULL,NULL,NULL,NULL,366,465,NULL,16,34,NULL,69,119
"Pirmin Schwegler","Hannover 96","Defensives Mittelfeld",27,2182,NULL,40,NULL,NULL,NULL,37,23,45,NULL,13,21,NULL,NULL,NULL,54,NULL,NULL,NULL,34,59,NULL,NULL,NULL,NULL,NULL,924,1201,12,37,91,38,146,264
"Andre Hoffmann","Fortuna Düsseldorf",Innenverteidiger,13,1131,NULL,20,NULL,NULL,NULL,14,NULL,15,NULL,NULL,NULL,NULL,NULL,NULL,42,NULL,NULL,NULL,22,49,NULL,NULL,NULL,NULL,NULL,431,493,NULL,14,38,NULL,47,109
"Patrick Erras","1. FC Nürnberg","Defensives Mittelfeld",19,1317,NULL,23,NULL,NULL,NULL,11,NULL,9,NULL,NULL,NULL,NULL,NULL,NULL,44,NULL,NULL,NULL,46,68,NULL,NULL,NULL,NULL,NULL,373,467,8,11,27,8,65,108
Ewerton,"1. FC Nürnberg",Innenverteidiger,18,1449,NULL,25,NULL,NULL,NULL,20,NULL,17,NULL,10,11,1,NULL,NULL,106,NULL,NULL,NULL,58,82,NULL,NULL,NULL,NULL,NULL,508,604,9,20,30,NULL,94,145
"David Abraham","Eintracht Frankfurt",Innenverteidiger,17,1510,NULL,26,NULL,NULL,NULL,14,NULL,11,NULL,NULL,NULL,NULL,NULL,NULL,60,NULL,NULL,NULL,40,61,NULL,NULL,NULL,NULL,NULL,512,666,NULL,14,35,NULL,76,126
"Benjamin Stambouli","FC Schalke 04",Innenverteidiger,21,1902,NULL,32,NULL,NULL,NULL,31,11,23,NULL,8,11,2,NULL,NULL,60,NULL,NULL,NULL,18,39,NULL,NULL,NULL,NULL,NULL,759,994,NULL,31,72,9,91,168
"Marcin Kaminski","Fortuna Düsseldorf",Innenverteidiger,27,2581,NULL,42,NULL,NULL,NULL,13,NULL,7,NULL,NULL,NULL,2,NULL,NULL,104,NULL,NULL,NULL,48,88,NULL,NULL,NULL,NULL,NULL,978,1166,8,13,22,7,75,125
"Robert Bauer","1. FC Nürnberg",Rechtsverteidiger,22,1816,NULL,29,NULL,NULL,NULL,31,NULL,19,NULL,NULL,NULL,NULL,NULL,NULL,66,NULL,NULL,NULL,14,40,NULL,NULL,NULL,NULL,NULL,584,819,8,31,68,12,85,156
"Karim Rekik","Hertha BSC",Innenverteidiger,24,2198,NULL,35,NULL,NULL,NULL,22,NULL,16,NULL,NULL,NULL,NULL,NULL,NULL,85,NULL,NULL,NULL,50,90,NULL,NULL,NULL,NULL,NULL,1032,1172,NULL,22,40,NULL,111,179
"Matthias Ostrzolek","Hannover 96",Linksverteidiger,18,1581,NULL,25,NULL,NULL,NULL,18,11,13,NULL,NULL,NULL,2,NULL,NULL,38,NULL,NULL,NULL,10,27,NULL,NULL,NULL,NULL,NULL,564,755,NULL,18,45,8,71,124
"Timo Baumgartl","VfB Stuttgart",Innenverteidiger,18,1709,NULL,27,NULL,NULL,NULL,23,NULL,12,NULL,NULL,NULL,NULL,NULL,NULL,96,NULL,NULL,NULL,46,69,23,0,0,1,NULL,703,860,NULL,23,39,NULL,95,138
"Adam Bodzek","Fortuna Düsseldorf","Defensives Mittelfeld",21,1678,NULL,26,NULL,NULL,NULL,31,NULL,33,NULL,NULL,NULL,NULL,NULL,NULL,39,NULL,NULL,NULL,33,54,NULL,NULL,NULL,NULL,NULL,583,690,NULL,31,69,8,120,206
"Julian Baumgartlinger","Bayer 04 Leverkusen","Defensives Mittelfeld",21,1667,NULL,25,NULL,NULL,NULL,30,24,19,NULL,15,23,1,NULL,NULL,20,NULL,NULL,NULL,26,50,NULL,NULL,NULL,NULL,NULL,1233,1378,NULL,30,77,9,112,202
"Makoto Hasebe","Eintracht Frankfurt",Innenverteidiger,28,2697,NULL,39,NULL,NULL,NULL,34,NULL,17,NULL,NULL,NULL,3,NULL,NULL,97,NULL,NULL,NULL,32,71,NULL,NULL,NULL,NULL,NULL,1242,1459,NULL,34,69,7,119,197
"Robin Koch","SC Freiburg",Innenverteidiger,24,2048,NULL,29,NULL,NULL,NULL,14,17,20,NULL,6,9,3,NULL,NULL,75,NULL,NULL,NULL,65,113,22,0,0,1,NULL,727,889,11,14,41,NULL,114,215
"Niklas Moisander","SV Werder Bremen",Innenverteidiger,30,2835,NULL,40,NULL,NULL,NULL,23,13,34,NULL,11,18,1,NULL,NULL,136,NULL,NULL,NULL,47,86,NULL,NULL,NULL,NULL,NULL,1672,1941,8,23,61,12,104,214
"Kevin Vogt","TSG 1899 Hoffenheim",Innenverteidiger,28,2540,NULL,35,NULL,NULL,NULL,16,NULL,22,NULL,NULL,NULL,2,NULL,NULL,99,NULL,NULL,NULL,38,62,NULL,NULL,NULL,NULL,NULL,1656,1855,NULL,16,45,6,75,146
"Tobias Strobl","B. Mönchengladbach","Defensives Mittelfeld",29,2431,NULL,33,NULL,NULL,NULL,17,11,26,NULL,NULL,NULL,1,NULL,NULL,32,4,NULL,NULL,37,76,NULL,NULL,NULL,NULL,NULL,1339,1488,8,17,49,15,96,188
"Sebastian Langkamp","SV Werder Bremen",Innenverteidiger,21,1520,NULL,20,NULL,NULL,NULL,16,NULL,11,NULL,NULL,NULL,1,NULL,NULL,77,NULL,NULL,NULL,41,73,NULL,NULL,NULL,NULL,NULL,859,969,10,16,31,NULL,81,132
"Mijat Gacinovic","Eintracht Frankfurt","Offensives Mittelfeld",29,1760,NULL,23,NULL,NULL,NULL,21,52,20,NULL,28,60,NULL,NULL,NULL,NULL,3,NULL,NULL,11,40,NULL,NULL,NULL,NULL,NULL,429,613,21,21,59,19,112,238
"Manuel Gulde","SC Freiburg",Innenverteidiger,21,1840,NULL,24,NULL,NULL,NULL,17,NULL,9,NULL,NULL,NULL,NULL,NULL,NULL,85,NULL,NULL,NULL,30,52,28,1,0,1,NULL,719,876,NULL,17,29,NULL,76,113
"Evan N'Dicka","Eintracht Frankfurt",Innenverteidiger,27,2483,NULL,32,NULL,NULL,NULL,27,19,27,NULL,5,13,NULL,NULL,NULL,113,NULL,NULL,NULL,71,122,19,1,0,1,NULL,882,1113,13,27,63,NULL,125,242
"Stefan Posch","TSG 1899 Hoffenheim",Innenverteidiger,17,1499,NULL,19,NULL,NULL,NULL,30,NULL,31,NULL,NULL,NULL,NULL,NULL,NULL,54,NULL,NULL,NULL,40,69,NULL,NULL,NULL,NULL,NULL,880,1001,NULL,30,53,NULL,95,171
"Bastian Oczipka","FC Schalke 04",Linksverteidiger,21,2015,NULL,25,NULL,NULL,NULL,27,51,16,NULL,23,53,2,NULL,NULL,21,6,NULL,NULL,11,23,30,5,0,1,NULL,808,1076,13,27,45,45,97,180
"Andreas Beck","VfB Stuttgart",Rechtsverteidiger,24,1872,NULL,23,NULL,NULL,NULL,20,13,24,NULL,9,12,NULL,NULL,NULL,48,3,NULL,NULL,25,50,NULL,NULL,NULL,NULL,NULL,602,854,12,20,53,15,102,179
"Julian Weigl","Borussia Dortmund","Defensives Mittelfeld",18,1567,NULL,17,NULL,NULL,NULL,19,NULL,14,NULL,NULL,NULL,2,NULL,NULL,53,NULL,NULL,NULL,17,32,23,0,0,1,NULL,1123,1208,NULL,19,48,NULL,70,119
"Fabian Johnson","B. Mönchengladbach","Linke Außenbahn",18,1082,NULL,11,NULL,NULL,NULL,NULL,13,NULL,NULL,NULL,NULL,NULL,NULL,NULL,13,NULL,NULL,NULL,7,24,31,1,0,1,NULL,446,559,NULL,5,14,NULL,34,70
"Federico Palacios","1. FC Nürnberg",Stürmer,17,1022,NULL,10,NULL,NULL,NULL,10,34,9,NULL,10,22,NULL,NULL,NULL,NULL,NULL,NULL,NULL,9,24,24,0,0,2,NULL,243,298,NULL,10,29,6,48,115
"Sebastian Rudy","FC Schalke 04","Defensives Mittelfeld",21,1455,NULL,14,NULL,NULL,NULL,27,18,28,NULL,5,12,NULL,NULL,NULL,13,2,NULL,NULL,NULL,NULL,NULL,NULL,NULL,NULL,NULL,528,665,NULL,27,76,13,75,159
"Enrico Valentini","1. FC Nürnberg",Rechtsverteidiger,15,1373,NULL,13,NULL,NULL,NULL,26,20,11,NULL,9,19,NULL,NULL,NULL,49,NULL,NULL,NULL,22,34,NULL,NULL,NULL,NULL,NULL,499,770,8,26,62,24,87,148
"Dennis Aogo","VfB Stuttgart",Linksverteidiger,15,1069,NULL,9,NULL,NULL,NULL,9,NULL,9,NULL,NULL,NULL,NULL,NULL,NULL,17,2,NULL,NULL,NULL,NULL,NULL,NULL,NULL,NULL,NULL,473,575,10,9,23,15,37,66
"Marvin Plattenhardt","Hertha BSC",Linksverteidiger,22,2040,NULL,7,NULL,NULL,NULL,22,24,25,NULL,8,19,NULL,NULL,NULL,45,3,NULL,NULL,11,29,27,2,0,1,NULL,824,1129,11,22,35,32,70,144
"Ramazan Özcan","Bayer 04 Leverkusen",Torhüter,2,193,NULL,NULL,1,2,NULL,NULL,NULL,NULL,NULL,NULL,NULL,NULL,NULL,NULL,NULL,NULL,NULL,NULL,NULL,NULL,NULL,NULL,NULL,NULL,NULL,NULL,NULL,NULL,NULL,NULL,NULL,NULL,NULL
"Fabian Bredlow","1. FC Nürnberg",Torhüter,13,1194,63,NULL,1,2,34,NULL,NULL,NULL,2,NULL,NULL,NULL,6,6,NULL,NULL,2,14,NULL,NULL,NULL,NULL,NULL,NULL,32,NULL,NULL,NULL,NULL,NULL,NULL,NULL,NULL
"Gregor Kobel","FC Augsburg",Torhüter,17,1565,101,NULL,1,3,58,NULL,NULL,NULL,3,NULL,NULL,NULL,5,5,NULL,NULL,17,42,NULL,NULL,NULL,NULL,NULL,NULL,46,NULL,NULL,NULL,NULL,NULL,NULL,NULL,NULL
"Alexander Nübel","FC Schalke 04",Torhüter,18,1696,87,NULL,1,4,58,NULL,NULL,NULL,4,NULL,NULL,NULL,8,8,NULL,NULL,7,28,NULL,NULL,NULL,NULL,NULL,NULL,45,NULL,NULL,NULL,NULL,NULL,NULL,NULL,NULL
"Rune Jarstein","Hertha BSC",Torhüter,31,2924,148,NULL,1,4,102,NULL,NULL,NULL,8,NULL,NULL,NULL,28,29,NULL,NULL,20,47,NULL,NULL,NULL,NULL,NULL,NULL,74,NULL,NULL,NULL,NULL,NULL,NULL,NULL,NULL
"Lukás Hrádecky","Bayer 04 Leverkusen",Torhüter,32,3076,130,NULL,1,4,84,NULL,NULL,NULL,9,NULL,NULL,NULL,17,17,NULL,NULL,10,34,NULL,NULL,NULL,NULL,NULL,NULL,66,NULL,NULL,NULL,NULL,NULL,NULL,NULL,NULL
"Koen Casteels","VfL Wolfsburg",Torhüter,26,2462,120,NULL,1,5,80,NULL,NULL,NULL,8,NULL,NULL,NULL,24,24,NULL,NULL,13,37,NULL,NULL,NULL,NULL,NULL,NULL,60,NULL,NULL,NULL,NULL,NULL,NULL,NULL,NULL
"Michael Esser","Hannover 96",Torhüter,32,3084,219,NULL,1,6,153,NULL,NULL,NULL,5,NULL,NULL,NULL,25,25,NULL,NULL,25,62,NULL,NULL,NULL,NULL,NULL,NULL,118,NULL,NULL,NULL,NULL,NULL,NULL,NULL,NULL
"Luca Plogmann","SV Werder Bremen",Torhüter,1,47,NULL,NULL,0,1,NULL,NULL,NULL,NULL,NULL,NULL,NULL,NULL,NULL,NULL,NULL,NULL,NULL,NULL,NULL,NULL,NULL,NULL,NULL,NULL,NULL,NULL,NULL,NULL,NULL,NULL,NULL,NULL,NULL
"Yvon Mvogo","RB Leipzig",Torhüter,2,148,NULL,NULL,0,1,NULL,NULL,NULL,NULL,NULL,NULL,NULL,NULL,NULL,NULL,NULL,NULL,NULL,NULL,NULL,NULL,NULL,NULL,NULL,NULL,NULL,NULL,NULL,NULL,NULL,NULL,NULL,NULL,NULL
"Marwin Hitz","Borussia Dortmund",Torhüter,2,200,NULL,NULL,0,1,NULL,NULL,NULL,NULL,NULL,NULL,NULL,NULL,NULL,NULL,NULL,NULL,NULL,NULL,NULL,NULL,NULL,NULL,NULL,NULL,NULL,NULL,NULL,NULL,NULL,NULL,NULL,NULL,NULL
"Pavao Pervan","VfL Wolfsburg",Torhüter,9,811,NULL,NULL,0,1,NULL,NULL,NULL,NULL,NULL,NULL,NULL,NULL,NULL,NULL,NULL,NULL,NULL,NULL,NULL,NULL,NULL,NULL,NULL,NULL,NULL,NULL,NULL,NULL,NULL,NULL,NULL,NULL,NULL
"Kevin Trapp","Eintracht Frankfurt",Torhüter,33,3149,166,NULL,0,1,119,NULL,NULL,NULL,8,NULL,NULL,NULL,26,26,NULL,NULL,21,48,NULL,NULL,NULL,NULL,NULL,NULL,93,NULL,NULL,NULL,NULL,NULL,NULL,NULL,NULL
"Thomas Kraft","Hertha BSC",Torhüter,4,339,NULL,NULL,0,2,NULL,NULL,NULL,NULL,NULL,NULL,NULL,NULL,NULL,NULL,NULL,NULL,NULL,NULL,NULL,NULL,NULL,NULL,NULL,NULL,NULL,NULL,NULL,NULL,NULL,NULL,NULL,NULL,NULL
"Ralf Fährmann","FC Schalke 04",Torhüter,17,1596,83,NULL,0,2,58,NULL,NULL,NULL,3,NULL,NULL,NULL,19,19,NULL,NULL,16,34,NULL,NULL,NULL,NULL,NULL,NULL,46,NULL,NULL,NULL,NULL,NULL,NULL,NULL,NULL
"Christian Mathenia","1. FC Nürnberg",Torhüter,22,2067,121,NULL,0,2,83,NULL,NULL,NULL,2,NULL,NULL,NULL,18,18,NULL,NULL,12,33,NULL,NULL,NULL,NULL,NULL,NULL,69,NULL,NULL,NULL,NULL,NULL,NULL,NULL,NULL
"Sven Ulreich","FC Bayern München",Torhüter,9,809,NULL,NULL,0,3,NULL,NULL,NULL,NULL,NULL,NULL,NULL,NULL,NULL,NULL,NULL,NULL,NULL,NULL,NULL,NULL,NULL,NULL,NULL,NULL,NULL,NULL,NULL,NULL,NULL,NULL,NULL,NULL,NULL
"Manuel Neuer","FC Bayern München",Torhüter,26,2438,57,NULL,0,3,34,NULL,NULL,NULL,10,NULL,NULL,NULL,10,10,NULL,NULL,4,17,NULL,NULL,NULL,NULL,NULL,NULL,21,NULL,NULL,NULL,NULL,NULL,NULL,NULL,NULL
"Ron-Robert Zieler","VfB Stuttgart",Torhüter,34,3240,182,NULL,0,3,116,NULL,NULL,NULL,6,NULL,NULL,NULL,34,35,NULL,NULL,20,60,NULL,NULL,NULL,NULL,NULL,NULL,98,NULL,NULL,NULL,NULL,NULL,NULL,NULL,NULL
"Yann Sommer","B. Mönchengladbach",Torhüter,34,3252,162,NULL,0,3,118,NULL,NULL,NULL,13,NULL,NULL,NULL,24,24,NULL,NULL,18,45,NULL,NULL,NULL,NULL,NULL,NULL,86,NULL,NULL,NULL,NULL,NULL,NULL,NULL,NULL
"Florian Müller","1. FSV Mainz 05",Torhüter,24,2300,128,NULL,0,4,83,NULL,NULL,NULL,5,NULL,NULL,NULL,8,8,NULL,NULL,14,44,NULL,NULL,NULL,NULL,NULL,NULL,73,NULL,NULL,NULL,NULL,NULL,NULL,NULL,NULL
"Roman Bürki","Borussia Dortmund",Torhüter,32,3090,129,NULL,0,4,88,NULL,NULL,NULL,10,NULL,NULL,NULL,18,18,NULL,NULL,16,41,NULL,NULL,NULL,NULL,NULL,NULL,69,NULL,NULL,NULL,NULL,NULL,NULL,NULL,NULL
"Jirí Pavlenka","SV Werder Bremen",Torhüter,34,3188,155,NULL,0,4,107,NULL,NULL,NULL,5,NULL,NULL,NULL,19,19,NULL,NULL,28,59,NULL,NULL,NULL,NULL,NULL,NULL,84,NULL,NULL,NULL,NULL,NULL,NULL,NULL,NULL
"Péter Gulácsi","RB Leipzig",Torhüter,33,3097,119,NULL,0,5,93,NULL,NULL,NULL,15,NULL,NULL,NULL,18,18,NULL,NULL,23,39,NULL,NULL,NULL,NULL,NULL,NULL,69,NULL,NULL,NULL,NULL,NULL,NULL,NULL,NULL
"Oliver Baumann","TSG 1899 Hoffenheim",Torhüter,33,3186,170,NULL,0,6,119,NULL,NULL,NULL,5,NULL,NULL,NULL,11,14,NULL,NULL,16,48,NULL,NULL,NULL,NULL,NULL,NULL,94,NULL,NULL,NULL,NULL,NULL,NULL,NULL,NULL
"Michael Rensing","Fortuna Düsseldorf",Torhüter,32,3068,173,NULL,0,7,111,NULL,NULL,NULL,5,NULL,NULL,NULL,41,42,NULL,NULL,20,57,NULL,NULL,NULL,NULL,NULL,NULL,89,NULL,NULL,NULL,NULL,NULL,NULL,NULL,NULL
"Alexander Schwolow","SC Freiburg",Torhüter,33,3188,176,NULL,0,7,114,NULL,NULL,NULL,5,NULL,NULL,NULL,20,20,NULL,NULL,21,61,NULL,NULL,NULL,NULL,NULL,NULL,92,NULL,NULL,NULL,NULL,NULL,NULL,NULL,NULL
"Andreas Luthe","FC Augsburg",Torhüter,15,1408,78,NULL,NULL,NULL,57,NULL,NULL,NULL,2,NULL,NULL,NULL,3,3,NULL,NULL,9,22,NULL,NULL,NULL,NULL,NULL,NULL,48,NULL,NULL,NULL,NULL,NULL,NULL,NULL,NULL
"Luca Waldschmidt","SC Freiburg",Mittelstürmer,30,NULL,NULL,NULL,NULL,NULL,NULL,NULL,NULL,NULL,NULL,NULL,NULL,NULL,NULL,NULL,NULL,NULL,NULL,NULL,NULL,NULL,22,3,3,9,NULL,NULL,NULL,NULL,NULL,NULL,NULL,NULL,NULL
"James Rodríguez","FC Bayern München","Offensives Mittelfeld",20,NULL,NULL,NULL,NULL,NULL,NULL,NULL,NULL,NULL,NULL,NULL,NULL,NULL,NULL,NULL,NULL,NULL,NULL,NULL,NULL,NULL,27,4,0,7,NULL,NULL,NULL,NULL,NULL,NULL,NULL,NULL,NULL
"Mario Gómez","VfB Stuttgart",Mittelstürmer,31,NULL,NULL,NULL,NULL,NULL,NULL,NULL,NULL,NULL,NULL,NULL,NULL,NULL,NULL,NULL,NULL,NULL,NULL,NULL,NULL,NULL,33,2,0,7,NULL,NULL,NULL,NULL,NULL,NULL,NULL,NULL,NULL
"Reiss Nelson","TSG 1899 Hoffenheim",Rechtsaußen,23,NULL,NULL,NULL,NULL,NULL,NULL,NULL,NULL,NULL,NULL,NULL,NULL,NULL,NULL,NULL,NULL,NULL,NULL,NULL,NULL,NULL,19,1,0,7,NULL,NULL,NULL,NULL,NULL,NULL,NULL,NULL,NULL
"Claudio Pizarro","SV Werder Bremen",Mittelstürmer,26,NULL,NULL,NULL,NULL,NULL,NULL,NULL,NULL,NULL,NULL,NULL,NULL,NULL,NULL,NULL,NULL,NULL,NULL,NULL,NULL,NULL,40,2,0,5,NULL,NULL,NULL,NULL,NULL,NULL,NULL,NULL,NULL
"Martin Harnik","SV Werder Bremen",Mittelstürmer,18,NULL,NULL,NULL,NULL,NULL,NULL,NULL,NULL,NULL,NULL,NULL,NULL,NULL,NULL,NULL,NULL,NULL,NULL,NULL,NULL,NULL,31,4,0,4,NULL,NULL,NULL,NULL,NULL,NULL,NULL,NULL,NULL
"Dong-won Ji","FC Augsburg",Mittelstürmer,14,NULL,NULL,NULL,NULL,NULL,NULL,NULL,NULL,NULL,NULL,NULL,NULL,NULL,NULL,NULL,NULL,NULL,NULL,NULL,NULL,NULL,27,1,0,4,NULL,NULL,NULL,NULL,NULL,NULL,NULL,NULL,NULL
"Anthony Ujah","1.FSV Mainz 05",Mittelstürmer,22,NULL,NULL,NULL,NULL,NULL,NULL,NULL,NULL,NULL,NULL,NULL,NULL,NULL,NULL,NULL,NULL,NULL,NULL,NULL,NULL,NULL,28,0,0,4,NULL,NULL,NULL,NULL,NULL,NULL,NULL,NULL,NULL
"Arjen Robben","FC Bayern München",Rechtsaußen,12,NULL,NULL,NULL,NULL,NULL,NULL,NULL,NULL,NULL,NULL,NULL,NULL,NULL,NULL,NULL,NULL,NULL,NULL,NULL,NULL,NULL,35,0,0,4,NULL,NULL,NULL,NULL,NULL,NULL,NULL,NULL,NULL
"Dawid Kownacki","Fortuna Düsseldorf",Mittelstürmer,10,NULL,NULL,NULL,NULL,NULL,NULL,NULL,NULL,NULL,NULL,NULL,NULL,NULL,NULL,NULL,NULL,NULL,NULL,NULL,NULL,NULL,22,0,0,4,NULL,NULL,NULL,NULL,NULL,NULL,NULL,NULL,NULL
"Pavel Kaderabek","TSG 1899 Hoffenheim","Rechter Verteidiger",29,NULL,NULL,NULL,NULL,NULL,NULL,NULL,NULL,NULL,NULL,NULL,NULL,NULL,NULL,NULL,NULL,NULL,NULL,NULL,NULL,NULL,27,4,0,3,NULL,NULL,NULL,NULL,NULL,NULL,NULL,NULL,NULL
"Nadiem Amiri","TSG 1899 Hoffenheim","Zentrales Mittelfeld",13,NULL,NULL,NULL,NULL,NULL,NULL,NULL,NULL,NULL,NULL,NULL,NULL,NULL,NULL,NULL,NULL,NULL,NULL,NULL,NULL,NULL,22,2,0,3,NULL,NULL,NULL,NULL,NULL,NULL,NULL,NULL,NULL
"Steven Skrzybski","FC Schalke 04",Rechtsaußen,12,NULL,NULL,NULL,NULL,NULL,NULL,NULL,NULL,NULL,NULL,NULL,NULL,NULL,NULL,NULL,NULL,NULL,NULL,NULL,NULL,NULL,26,1,0,3,NULL,NULL,NULL,NULL,NULL,NULL,NULL,NULL,NULL
"Gonçalo Paciência","Eintracht Frankfurt",Mittelstürmer,11,NULL,NULL,NULL,NULL,NULL,NULL,NULL,NULL,NULL,NULL,NULL,NULL,NULL,NULL,NULL,NULL,NULL,NULL,NULL,NULL,NULL,24,1,0,3,NULL,NULL,NULL,NULL,NULL,NULL,NULL,NULL,NULL
Jonathas,"Hannover 96",Mittelstürmer,10,NULL,NULL,NULL,NULL,NULL,NULL,NULL,NULL,NULL,NULL,NULL,NULL,NULL,NULL,NULL,NULL,NULL,NULL,NULL,NULL,NULL,30,1,1,3,NULL,NULL,NULL,NULL,NULL,NULL,NULL,NULL,NULL
"Javi Martínez","FC Bayern München","Defensives Mittelfeld",21,NULL,NULL,NULL,NULL,NULL,NULL,NULL,NULL,NULL,NULL,NULL,NULL,NULL,NULL,NULL,NULL,NULL,NULL,NULL,NULL,NULL,30,0,0,3,NULL,NULL,NULL,NULL,NULL,NULL,NULL,NULL,NULL
"Sergio Córdova","FC Augsburg",Mittelstürmer,20,NULL,NULL,NULL,NULL,NULL,NULL,NULL,NULL,NULL,NULL,NULL,NULL,NULL,NULL,NULL,NULL,NULL,NULL,NULL,NULL,NULL,21,0,0,3,NULL,NULL,NULL,NULL,NULL,NULL,NULL,NULL,NULL
"Jean-Kévin Augustin","RasenBallsport Leipzig",Mittelstürmer,17,NULL,NULL,NULL,NULL,NULL,NULL,NULL,NULL,NULL,NULL,NULL,NULL,NULL,NULL,NULL,NULL,NULL,NULL,NULL,NULL,NULL,21,0,0,3,NULL,NULL,NULL,NULL,NULL,NULL,NULL,NULL,NULL
"Javairô Dilrosun","Hertha BSC",Linksaußen,17,NULL,NULL,NULL,NULL,NULL,NULL,NULL,NULL,NULL,NULL,NULL,NULL,NULL,NULL,NULL,NULL,NULL,NULL,NULL,NULL,NULL,20,4,0,2,NULL,NULL,NULL,NULL,NULL,NULL,NULL,NULL,NULL
"Nicólas González","VfB Stuttgart",Mittelstürmer,30,NULL,NULL,NULL,NULL,NULL,NULL,NULL,NULL,NULL,NULL,NULL,NULL,NULL,NULL,NULL,NULL,NULL,NULL,NULL,NULL,NULL,21,3,0,2,NULL,NULL,NULL,NULL,NULL,NULL,NULL,NULL,NULL
"Matheus Cunha","RasenBallsport Leipzig",Mittelstürmer,25,NULL,NULL,NULL,NULL,NULL,NULL,NULL,NULL,NULL,NULL,NULL,NULL,NULL,NULL,NULL,NULL,NULL,NULL,NULL,NULL,NULL,19,1,0,2,NULL,NULL,NULL,NULL,NULL,NULL,NULL,NULL,NULL
"Joshua Brenet","TSG 1899 Hoffenheim","Rechter Verteidiger",14,NULL,NULL,NULL,NULL,NULL,NULL,NULL,NULL,NULL,NULL,NULL,NULL,NULL,NULL,NULL,NULL,NULL,NULL,NULL,NULL,NULL,25,1,0,2,NULL,NULL,NULL,NULL,NULL,NULL,NULL,NULL,NULL
"Adam Zrelak","1.FC Nürnberg",Mittelstürmer,14,NULL,NULL,NULL,NULL,NULL,NULL,NULL,NULL,NULL,NULL,NULL,NULL,NULL,NULL,NULL,NULL,NULL,NULL,NULL,NULL,NULL,24,1,0,2,NULL,NULL,NULL,NULL,NULL,NULL,NULL,NULL,NULL
Raffael,"Borussia Mönchengladbach","Hängende Spitze",13,NULL,NULL,NULL,NULL,NULL,NULL,NULL,NULL,NULL,NULL,NULL,NULL,NULL,NULL,NULL,NULL,NULL,NULL,NULL,NULL,NULL,34,1,0,2,NULL,NULL,NULL,NULL,NULL,NULL,NULL,NULL,NULL
"Marc Oliver Kempf","VfB Stuttgart",Innenverteidiger,23,NULL,NULL,NULL,NULL,NULL,NULL,NULL,NULL,NULL,NULL,NULL,NULL,NULL,NULL,NULL,NULL,NULL,NULL,NULL,NULL,NULL,24,0,0,2,NULL,NULL,NULL,NULL,NULL,NULL,NULL,NULL,NULL
"Florent Muslija","Hannover 96","Offensives Mittelfeld",17,NULL,NULL,NULL,NULL,NULL,NULL,NULL,NULL,NULL,NULL,NULL,NULL,NULL,NULL,NULL,NULL,NULL,NULL,NULL,NULL,NULL,20,0,0,2,NULL,NULL,NULL,NULL,NULL,NULL,NULL,NULL,NULL
"Ahmed Kutucu","FC Schalke 04",Mittelstürmer,13,NULL,NULL,NULL,NULL,NULL,NULL,NULL,NULL,NULL,NULL,NULL,NULL,NULL,NULL,NULL,NULL,NULL,NULL,NULL,NULL,NULL,19,0,0,2,NULL,NULL,NULL,NULL,NULL,NULL,NULL,NULL,NULL
"Josh Sargent","SV Werder Bremen",Mittelstürmer,10,NULL,NULL,NULL,NULL,NULL,NULL,NULL,NULL,NULL,NULL,NULL,NULL,NULL,NULL,NULL,NULL,NULL,NULL,NULL,NULL,NULL,19,0,0,2,NULL,NULL,NULL,NULL,NULL,NULL,NULL,NULL,NULL
"Roland Sallai","SC Freiburg",Linksaußen,10,NULL,NULL,NULL,NULL,NULL,NULL,NULL,NULL,NULL,NULL,NULL,NULL,NULL,NULL,NULL,NULL,NULL,NULL,NULL,NULL,NULL,21,0,0,2,NULL,NULL,NULL,NULL,NULL,NULL,NULL,NULL,NULL
"Josip Drmic","Borussia Mönchengladbach",Mittelstürmer,5,NULL,NULL,NULL,NULL,NULL,NULL,NULL,NULL,NULL,NULL,NULL,NULL,NULL,NULL,NULL,NULL,NULL,NULL,NULL,NULL,NULL,26,0,0,2,NULL,NULL,NULL,NULL,NULL,NULL,NULL,NULL,NULL
"Takashi Usami","Fortuna Düsseldorf",Linksaußen,19,NULL,NULL,NULL,NULL,NULL,NULL,NULL,NULL,NULL,NULL,NULL,NULL,NULL,NULL,NULL,NULL,NULL,NULL,NULL,NULL,NULL,27,3,0,1,NULL,NULL,NULL,NULL,NULL,NULL,NULL,NULL,NULL
"Yunus Malli","VfL Wolfsburg","Offensives Mittelfeld",21,NULL,NULL,NULL,NULL,NULL,NULL,NULL,NULL,NULL,NULL,NULL,NULL,NULL,NULL,NULL,NULL,NULL,NULL,NULL,NULL,NULL,27,2,1,1,NULL,NULL,NULL,NULL,NULL,NULL,NULL,NULL,NULL
"Erik Thommy","VfB Stuttgart","Linkes Mittelfeld",19,NULL,NULL,NULL,NULL,NULL,NULL,NULL,NULL,NULL,NULL,NULL,NULL,NULL,NULL,NULL,NULL,NULL,NULL,NULL,NULL,NULL,24,1,0,1,NULL,NULL,NULL,NULL,NULL,NULL,NULL,NULL,NULL
"Maximilian Philipp","Borussia Dortmund","Hängende Spitze",18,NULL,NULL,NULL,NULL,NULL,NULL,NULL,NULL,NULL,NULL,NULL,NULL,NULL,NULL,NULL,NULL,NULL,NULL,NULL,NULL,NULL,25,1,0,1,NULL,NULL,NULL,NULL,NULL,NULL,NULL,NULL,NULL
"Renato Sanches","FC Bayern München","Zentrales Mittelfeld",17,NULL,NULL,NULL,NULL,NULL,NULL,NULL,NULL,NULL,NULL,NULL,NULL,NULL,NULL,NULL,NULL,NULL,NULL,NULL,NULL,NULL,21,1,0,1,NULL,NULL,NULL,NULL,NULL,NULL,NULL,NULL,NULL
"Marvin Ducksch","Fortuna Düsseldorf",Mittelstürmer,16,NULL,NULL,NULL,NULL,NULL,NULL,NULL,NULL,NULL,NULL,NULL,NULL,NULL,NULL,NULL,NULL,NULL,NULL,NULL,NULL,NULL,25,1,0,1,NULL,NULL,NULL,NULL,NULL,NULL,NULL,NULL,NULL
"Törles Knöll","1.FC Nürnberg",Mittelstürmer,16,NULL,NULL,NULL,NULL,NULL,NULL,NULL,NULL,NULL,NULL,NULL,NULL,NULL,NULL,NULL,NULL,NULL,NULL,NULL,NULL,NULL,21,1,0,1,NULL,NULL,NULL,NULL,NULL,NULL,NULL,NULL,NULL
Rafinha,"FC Bayern München","Rechter Verteidiger",16,NULL,NULL,NULL,NULL,NULL,NULL,NULL,NULL,NULL,NULL,NULL,NULL,NULL,NULL,NULL,NULL,NULL,NULL,NULL,NULL,NULL,33,1,0,1,NULL,NULL,NULL,NULL,NULL,NULL,NULL,NULL,NULL
Caiuby,"FC Augsburg",Linksaußen,14,NULL,NULL,NULL,NULL,NULL,NULL,NULL,NULL,NULL,NULL,NULL,NULL,NULL,NULL,NULL,NULL,NULL,NULL,NULL,NULL,NULL,30,1,0,1,NULL,NULL,NULL,NULL,NULL,NULL,NULL,NULL,NULL
"Felix Klaus","VfL Wolfsburg",Rechtsaußen,14,NULL,NULL,NULL,NULL,NULL,NULL,NULL,NULL,NULL,NULL,NULL,NULL,NULL,NULL,NULL,NULL,NULL,NULL,NULL,NULL,NULL,26,1,0,1,NULL,NULL,NULL,NULL,NULL,NULL,NULL,NULL,NULL
Bruma,"RasenBallsport Leipzig",Linksaußen,14,NULL,NULL,NULL,NULL,NULL,NULL,NULL,NULL,NULL,NULL,NULL,NULL,NULL,NULL,NULL,NULL,NULL,NULL,NULL,NULL,NULL,24,1,0,1,NULL,NULL,NULL,NULL,NULL,NULL,NULL,NULL,NULL
"Yevhen Konoplianka","FC Schalke 04",Linksaußen,13,NULL,NULL,NULL,NULL,NULL,NULL,NULL,NULL,NULL,NULL,NULL,NULL,NULL,NULL,NULL,NULL,NULL,NULL,NULL,NULL,NULL,29,1,0,1,NULL,NULL,NULL,NULL,NULL,NULL,NULL,NULL,NULL
"Markus Suttner","Fortuna Düsseldorf","Linker Verteidiger",6,NULL,NULL,NULL,NULL,NULL,NULL,NULL,NULL,NULL,NULL,NULL,NULL,NULL,NULL,NULL,NULL,NULL,NULL,NULL,NULL,NULL,32,1,0,1,NULL,NULL,NULL,NULL,NULL,NULL,NULL,NULL,NULL
"Alexandru Maxim","1.FSV Mainz 05","Offensives Mittelfeld",22,NULL,NULL,NULL,NULL,NULL,NULL,NULL,NULL,NULL,NULL,NULL,NULL,NULL,NULL,NULL,NULL,NULL,NULL,NULL,NULL,NULL,28,0,0,1,NULL,NULL,NULL,NULL,NULL,NULL,NULL,NULL,NULL
"Marius Wolf","Borussia Dortmund",Rechtsaußen,16,NULL,NULL,NULL,NULL,NULL,NULL,NULL,NULL,NULL,NULL,NULL,NULL,NULL,NULL,NULL,NULL,NULL,NULL,NULL,NULL,NULL,23,0,0,1,NULL,NULL,NULL,NULL,NULL,NULL,NULL,NULL,NULL
"Mahmoud Dahoud","Borussia Dortmund","Zentrales Mittelfeld",14,NULL,NULL,NULL,NULL,NULL,NULL,NULL,NULL,NULL,NULL,NULL,NULL,NULL,NULL,NULL,NULL,NULL,NULL,NULL,NULL,NULL,23,0,0,1,NULL,NULL,NULL,NULL,NULL,NULL,NULL,NULL,NULL
"Marco Terrazzino","SC Freiburg",Linksaußen,13,NULL,NULL,NULL,NULL,NULL,NULL,NULL,NULL,NULL,NULL,NULL,NULL,NULL,NULL,NULL,NULL,NULL,NULL,NULL,NULL,NULL,28,0,0,1,NULL,NULL,NULL,NULL,NULL,NULL,NULL,NULL,NULL
"Marcel Tisserand","VfL Wolfsburg",Innenverteidiger,10,NULL,NULL,NULL,NULL,NULL,NULL,NULL,NULL,NULL,NULL,NULL,NULL,NULL,NULL,NULL,NULL,NULL,NULL,NULL,NULL,NULL,26,0,0,1,NULL,NULL,NULL,NULL,NULL,NULL,NULL,NULL,NULL
"Amadou Haidara","RasenBallsport Leipzig","Zentrales Mittelfeld",9,NULL,NULL,NULL,NULL,NULL,NULL,NULL,NULL,NULL,NULL,NULL,NULL,NULL,NULL,NULL,NULL,NULL,NULL,NULL,NULL,NULL,21,0,0,1,NULL,NULL,NULL,NULL,NULL,NULL,NULL,NULL,NULL
"Julian Schieber","FC Augsburg",Mittelstürmer,9,NULL,NULL,NULL,NULL,NULL,NULL,NULL,NULL,NULL,NULL,NULL,NULL,NULL,NULL,NULL,NULL,NULL,NULL,NULL,NULL,NULL,30,0,0,1,NULL,NULL,NULL,NULL,NULL,NULL,NULL,NULL,NULL
"Alexander Fuchs","1.FC Nürnberg","Zentrales Mittelfeld",9,NULL,NULL,NULL,NULL,NULL,NULL,NULL,NULL,NULL,NULL,NULL,NULL,NULL,NULL,NULL,NULL,NULL,NULL,NULL,NULL,NULL,22,0,0,1,NULL,NULL,NULL,NULL,NULL,NULL,NULL,NULL,NULL
"Haji Wright","FC Schalke 04",Mittelstürmer,7,NULL,NULL,NULL,NULL,NULL,NULL,NULL,NULL,NULL,NULL,NULL,NULL,NULL,NULL,NULL,NULL,NULL,NULL,NULL,NULL,NULL,20,0,0,1,NULL,NULL,NULL,NULL,NULL,NULL,NULL,NULL,NULL
"Felix Götze","FC Augsburg","Defensives Mittelfeld",6,NULL,NULL,NULL,NULL,NULL,NULL,NULL,NULL,NULL,NULL,NULL,NULL,NULL,NULL,NULL,NULL,NULL,NULL,NULL,NULL,NULL,21,0,0,1,NULL,NULL,NULL,NULL,NULL,NULL,NULL,NULL,NULL
"Alphonso Davies","FC Bayern München",Linksaußen,6,NULL,NULL,NULL,NULL,NULL,NULL,NULL,NULL,NULL,NULL,NULL,NULL,NULL,NULL,NULL,NULL,NULL,NULL,NULL,NULL,NULL,18,0,0,1,NULL,NULL,NULL,NULL,NULL,NULL,NULL,NULL,NULL
"Corentin Tolisso","FC Bayern München","Zentrales Mittelfeld",2,NULL,NULL,NULL,NULL,NULL,NULL,NULL,NULL,NULL,NULL,NULL,NULL,NULL,NULL,NULL,NULL,NULL,NULL,NULL,NULL,NULL,24,0,0,1,NULL,NULL,NULL,NULL,NULL,NULL,NULL,NULL,NULL
